Date,0012,0017,0683,3323,0158,0062,0066
2008-07-13,0.14197810153517756,0.12534847505988764,0.14415914347674802,0.16211091732913283,0.13876055005789809,0.14166160361818456,0.14598120892297134
2008-07-20,0.13175709178413827,0.13265460410167096,0.15835755672682855,0.15533432645920495,0.14446451995774567,0.13150408157311785,0.14592781939729388
2008-07-27,0.142855420125285,0.1232704011394126,0.1445445511036455,0.16323024808232048,0.13608813750992205,0.14137339881343713,0.14863784322597723
2008-08-03,0.1423593896717957,0.14192014421900842,0.14267976535927768,0.143683983459927,0.1437026756311365,0.14304019132567644,0.1426138503331783
2008-08-10,0.1423864995231638,0.13841568169722215,0.14641625792081853,0.14587613648633685,0.14372220821473608,0.1422846818840796,0.14089853427364282
2008-08-17,0.14142768910528614,0.13735036493077296,0.1446319417292299,0.15055904249785645,0.14395382196684522,0.1413261492680902,0.14075099050191905
2008-08-24,0.14169949331538803,0.13850361702479017,0.14825606334785751,0.14936599591874222,0.1424776744729973,0.1405071617883139,0.13918999413191097
2008-08-31,0.14230447470776253,0.1430280436832113,0.14836394706326975,0.14571332817044827,0.14056942529910496,0.14063425756403955,0.13938652351216363
2008-09-07,0.14359776782043399,0.1412156179635956,0.14709259598975213,0.14556630104776447,0.14043883477062577,0.14170697711726035,0.14038190529056763
2008-09-14,0.13255899685979827,0.15445504302005136,0.15130301673676652,0.14157949654384533,0.13088771336689306,0.1473747809869038,0.14184095248574166
2008-09-21,0.13948323671571924,0.14085484516246494,0.14754987478075046,0.1377988650513574,0.14063463774428875,0.14572807883125394,0.14795046171416526
2008-09-28,0.14024478172568247,0.13959677357864728,0.14540218781324846,0.141949837651833,0.1413152436036837,0.1458236731541519,0.14566750247275329
2008-10-05,0.14104673495094464,0.14029028770041496,0.1467741653829057,0.1409100402684939,0.1392933449201308,0.1449670833539502,0.1467183434231599
2008-10-12,0.14288465616267765,0.14079055690049008,0.14648475074577433,0.13976500222631247,0.14274270077282825,0.14693542014064742,0.14039691305126978
2008-10-19,0.14250707817414673,0.14189832976639496,0.14704162801174986,0.13834797086099793,0.1442897081980568,0.1450904040509875,0.14082488093766637
2008-10-26,0.14789357006098172,0.14422185020434944,0.14541502832288433,0.1364852725981297,0.14165641058207798,0.14332764869252698,0.14100021953904984
2008-11-02,0.14597161368305286,0.14801157352015942,0.14504059070732175,0.13544941030717683,0.14245242796492316,0.14168545020105708,0.14138893361630891
2008-11-09,0.14349562213222158,0.14423342411131568,0.1425900640472095,0.14262674654136395,0.14257061879740568,0.14168694820152622,0.14279657616895727
2008-11-16,0.1435029627150044,0.1445591329706686,0.14154468751516175,0.14247940518533056,0.14271260518769907,0.14202625936142024,0.14317494706471526
2008-11-23,0.1381726044932903,0.14459736765447287,0.13529460413730296,0.14876638506033008,0.14837888146666195,0.13925668245862677,0.14553347472931505
2008-11-30,0.1390426951455362,0.14782186761146515,0.129022090548973,0.15014540341042354,0.1486152535786309,0.14736575644722388,0.13798693325774727
2008-12-07,0.14015304251870808,0.14405703193582534,0.1335975515817121,0.15393367459234572,0.1434546708827785,0.1449077465519935,0.13989628193663675
2008-12-14,0.15968708279579233,0.18574640939973486,0.12745735076695974,0.12376783479251706,0.1374168399889574,0.13556525914356535,0.1303592231124733
2008-12-21,0.14433160070035952,0.14374920716513356,0.1438509686024622,0.13945698876444504,0.14293557442654975,0.14208387645698228,0.14359178388406754
2008-12-28,0.14398547596391134,0.144667088259003,0.14380620016098672,0.140007122497056,0.13902558527133776,0.14369222595974854,0.14481630188795663
2009-01-04,0.14463757461281107,0.14514456884935728,0.14197626140155434,0.13968480339762773,0.14093468112228194,0.14329997125797625,0.1443221393583913
2009-01-11,0.1574241770943383,0.13795970715902764,0.1392403140128905,0.1364495916517878,0.15066486704728205,0.13681444114140498,0.14144690189326875
2009-01-18,0.1466343024373429,0.13837812189727436,0.14210545302348607,0.14142462974535458,0.14952858676562877,0.13975081152009966,0.14217809461081363
2009-01-25,0.14362817841874434,0.13596959285293383,0.1639907575840007,0.13543631973820586,0.14559970622567156,0.13930840318872537,0.13606704199171837
2009-02-01,0.1475276283988735,0.14257760108664308,0.1447551932430491,0.13580395987786076,0.14512442102512743,0.13991390663886336,0.14429728972958286
2009-02-08,0.14669368793059995,0.1457533760732354,0.14048200163123414,0.14081675106027133,0.1444949929168896,0.1402105392160072,0.1415486511717624
2009-02-15,0.14130677221042517,0.14876556143578787,0.1396619698165695,0.14819450880095786,0.14303314240008255,0.1422633807680701,0.13677466456810694
2009-02-22,0.1406242348022585,0.1490799336479018,0.14319947019680643,0.150979078358665,0.1401970307238531,0.1393649270197085,0.13655532525080658
2009-03-01,0.1423598149805024,0.15102843664225982,0.13448193545197698,0.15244344223604517,0.13950390780554894,0.14310538148550475,0.137077081398162
2009-03-08,0.13578766825605357,0.1522485582060895,0.13519645915615872,0.1524540147216875,0.14374085171025408,0.14402482409552247,0.13654762385423427
2009-03-15,0.14267622630547303,0.1356441702089345,0.13931123448190955,0.14955104182024478,0.14497606116129458,0.14744894353522198,0.14039232248692166
2009-03-22,0.1306299594415767,0.14178876156693945,0.14050794587431453,0.146651922245327,0.15088579299104418,0.14336465405763466,0.14617096382316352
2009-03-29,0.12910551382660881,0.15303520771459175,0.13334750889104008,0.14406162077539736,0.1474492606951966,0.14819888333964706,0.14480200475751828
2009-04-05,0.1338583070881255,0.15574661143067464,0.1332778411083596,0.1421870059447619,0.14270067951796733,0.1491895938866734,0.14303996102343763
2009-04-12,0.12940144140938042,0.1590148241826131,0.14454722176715135,0.13068654404973748,0.1348803330261178,0.15245740004442118,0.1490122355205786
2009-04-19,0.12570656799203236,0.15043432461863976,0.152745201274309,0.14267733667422802,0.1257025841072399,0.14844541947673104,0.1542885658568199
2009-04-26,0.13692946134755146,0.14589002597756864,0.1575716106564654,0.12993952571875783,0.13343131546737644,0.14639499222616625,0.1498430686061139
2009-05-03,0.14487089834348885,0.14252994781295208,0.152156565178311,0.1291619681503101,0.14156109696037472,0.14107316321760457,0.14864636033695872
2009-05-10,0.1411139041977148,0.15694587986017014,0.13174101090564114,0.15039976612280853,0.13473607095243081,0.14357840152393414,0.14148496643730052
2009-05-17,0.1442635399618022,0.15011260027614892,0.13931013712485515,0.1532265838560293,0.13294559737987796,0.13980671068450423,0.1403348307167823
2009-05-24,0.1449401908341065,0.15964331848827878,0.14057648971488954,0.1405601019305225,0.1412073079320305,0.14262716896779026,0.13044542213238197
2009-05-31,0.15379854402959436,0.13969720493814677,0.1352005535776813,0.14204321213865526,0.15061760715915185,0.14001687340490096,0.1386260047518695
2009-06-07,0.15373968503179863,0.14008462899754326,0.1336123407280518,0.14668936634009924,0.14771258881395607,0.13980373397024004,0.138357656118311
2009-06-14,0.14472342842970032,0.158805771402388,0.13902826977682142,0.1493493036364376,0.1379540787093371,0.13875945456180755,0.13137969348350803
2009-06-21,0.1438540200703294,0.1560904010455569,0.14174991705925608,0.15174064530772707,0.1401348895112944,0.1396574363561951,0.12677269064964103
2009-06-28,0.1501343208093979,0.16925557143418768,0.13070356904645858,0.1460486629902478,0.13717994443534726,0.13101209387912405,0.13566583740523666
2009-07-05,0.11815895985240558,0.22248701539257498,0.1452747791612385,0.11240488954886795,0.13107926708038103,0.14431716314351511,0.12627792582101696
2009-07-12,0.1470428531868889,0.14867399740352072,0.1744190222706128,0.10840549289627362,0.1334653325126245,0.1430266217629178,0.1449666799671616
2009-07-19,0.12857726087242774,0.12431972450584441,0.19529999064570228,0.12931171125444924,0.12331817525984413,0.13962803183899253,0.15954510562273957
2009-07-26,0.12076905679332404,0.15160485879504762,0.16821277773291446,0.1404827129917363,0.1298744097638943,0.16147383917451352,0.12758234474856975
2009-08-02,0.15173066913374314,0.1514002532796085,0.16036865327162111,0.14626377898371823,0.11515775703878824,0.14833508844812035,0.12674379984440057
2009-08-09,0.14165601437906203,0.1481142138525236,0.14331196365457682,0.14343349998085733,0.1445420473218152,0.13817849260370774,0.14076376820745745
2009-08-16,0.1401951985764704,0.14563174246184943,0.1433941470270007,0.14551899498871496,0.1483182724826289,0.13659944362549797,0.1403422008378375
2009-08-23,0.14497596910508959,0.1403618888089392,0.14137757186296485,0.14964479987735563,0.1522575243543573,0.1360460751771446,0.13533617081414875
2009-08-30,0.14372308147513543,0.13993744177467454,0.14108195093799347,0.14436648785995104,0.14430773543361394,0.14390963827256245,0.14267366424606923
2009-09-06,0.15714187284421513,0.12831825022818752,0.14305139074530449,0.13802550510305442,0.13247722215624128,0.14781150291035364,0.1531742560126435
2009-09-13,0.12834582851941778,0.14085757265431842,0.15573106443349524,0.14937600069903056,0.140730054968248,0.14847808039565727,0.13648139832983272
2009-09-20,0.16491898261318205,0.12046577915661331,0.17997016145222106,0.130792893987946,0.14892775143934453,0.16793819790502415,0.0869862334456689
2009-09-27,0.1254102676734331,0.13694553002577206,0.19025427850590573,0.16183511301642636,0.13402599543461147,0.15184241679571814,0.09968639854813316
2009-10-04,0.12813529895620598,0.14812725076189653,0.1786080241600364,0.1674934737482825,0.13074229344857105,0.13999083818844163,0.10690282073656589
2009-10-11,0.15439448775473694,0.14884777192970733,0.12925173213142752,0.12994261730636733,0.1458989209733165,0.13003094200446833,0.16163352789997595
2009-10-18,0.1434251224809965,0.13724307005219638,0.10644779252222203,0.13662135714788032,0.15291278538391126,0.1312883192710779,0.1920615531417156
2009-10-25,0.15418485595352874,0.14510817518921096,0.14831484583679383,0.11180632685689199,0.13828590620455763,0.1391059430311342,0.1631939469278826
2009-11-01,0.1442508913021082,0.1444378591122721,0.15456870075296067,0.12677095444001565,0.13769983078160863,0.14848837417283545,0.14378338943819935
2009-11-08,0.1412929490697567,0.14500168291295334,0.15346375674128476,0.12804884089406737,0.13941068017321465,0.14695755895706847,0.1458245312516547
2009-11-15,0.1327054545543958,0.15348492173456038,0.14718011678096915,0.14583881401448562,0.12833288652295224,0.14392844774792113,0.1485293586447157
2009-11-22,0.15096608845531118,0.15832798638729126,0.13286602797927555,0.16771422954641685,0.12202104917924247,0.13299309931393932,0.13511151913852323
2009-11-29,0.14865580530171416,0.16716716635815485,0.14007414238775753,0.1298178032372983,0.1490447559777024,0.1299511591948834,0.13528916754248937
2009-12-06,0.14824221544222813,0.15854836043112314,0.14621759814445695,0.12841912552302012,0.14854906784535535,0.12602184172050146,0.14400179089331497
2009-12-13,0.1460882996738463,0.15360229176004117,0.1514524494252569,0.13279893904051526,0.14908775824515835,0.1251875793603008,0.1417826824948812
2009-12-20,0.1349099449513408,0.14551481684285847,0.13824645279661255,0.15005668780514528,0.14213921666874832,0.13717197014585647,0.15196091078943805
2009-12-27,0.1242038787569839,0.15903949366632741,0.148109561196287,0.1639049794782478,0.13958693394644775,0.12320138571242702,0.14195376724327904
2010-01-03,0.14436726648755255,0.1567142340675022,0.14503642963703886,0.13328142513342417,0.13854251151128974,0.13785366922720596,0.14420446393598654
2010-01-10,0.16571700850325644,0.1590753107088454,0.1413637139028144,0.11584864502102334,0.14321129353641324,0.1385135100186004,0.13627051830904666
2010-01-17,0.16022323660207766,0.1425595421742153,0.12906787802593636,0.13899098191952616,0.14219771522984284,0.14010186999666074,0.14685877605174089
2010-01-24,0.1578083401618433,0.1461771368283708,0.12635899448270338,0.13604121359214658,0.14820450238141,0.13608242092072026,0.14932739163280573
2010-01-31,0.14635543525536598,0.14416356920111958,0.1366016968470535,0.1358830369712538,0.15436468204793502,0.13348648392798718,0.14914509574928486
2010-02-07,0.18274730280692247,0.1193585397924984,0.11601650111387,0.13882928705577988,0.14185655827738802,0.14484609292908351,0.15634571802445768
2010-02-14,0.18111023640730067,0.12603388381519726,0.12777335095642064,0.1372520275047552,0.13946598658535686,0.13726639017703168,0.1510981245539377
2010-02-21,0.1840881722159995,0.13386049041400142,0.11786466932982068,0.14076665656236176,0.12216061256893376,0.13461607353788432,0.1666433253709987
2010-02-28,0.15044862055829875,0.13116667919360475,0.14170139887869285,0.14467171201566717,0.14326973361037584,0.14987452492317035,0.1388673308201902
2010-03-07,0.13890823249150264,0.13105700365088357,0.13691508334792998,0.15325171845624394,0.14553370035545143,0.14581796142621337,0.148516300271775
2010-03-14,0.12259743197934565,0.14648596804788994,0.14808961078067162,0.1718673422110755,0.13441033713576744,0.12906096418650495,0.14748834565874486
2010-03-21,0.12792126904388315,0.13748561567001938,0.13959298189660171,0.16868406193838248,0.13798756823422664,0.1330365473203463,0.15529195589654024
2010-03-28,0.12807339783804897,0.13621087397187956,0.14082401844518072,0.16873100365500093,0.13942810698978955,0.13235716841395193,0.15437543068614817
2010-04-04,0.13092627834548615,0.12413614665382786,0.15151663319312647,0.16547659331545775,0.14109701264271798,0.13098838486232273,0.15585895098706112
2010-04-18,0.11541999789041836,0.11623287952094737,0.16238469231893404,0.13138472553272318,0.1767910876634858,0.1356437635155969,0.16214285355789437
2010-04-25,0.1204214450030108,0.11035572401225097,0.15962785928113665,0.142409871895642,0.15732328557741204,0.14693355701432576,0.16292825721622176
2010-05-02,0.14984857496417783,0.10227043928528097,0.23305201228614716,0.13357544501688084,0.1267540062128781,0.13136648710203208,0.12313303513260286
2010-05-09,0.14947303613605958,0.10674597476826163,0.23387764574868808,0.12580349327651333,0.13037958944613573,0.1348521713317046,0.1188680892926371
2010-05-16,0.14578696350967194,0.1249206315814497,0.18060070256833155,0.11615084399267164,0.151292497418143,0.16190548627925835,0.11934287465047393
2010-05-23,0.15269298058329678,0.12215718027906129,0.16083636506527277,0.14032391893518092,0.11356771540582322,0.16413173048838522,0.1462901092429797
2010-05-30,0.15374155757920044,0.12520204071165067,0.14491090009790156,0.15011601548602346,0.11413018072368995,0.14901447909582888,0.16288482630570514
2010-06-06,0.1528880928354064,0.14718716994577954,0.13926967249079078,0.12852198112137894,0.1417715352898186,0.14499976026614686,0.14536178805067898
2010-06-13,0.1540208289594802,0.14966939342472688,0.12621504875673728,0.13686407512187207,0.13422755077229814,0.1409673710940417,0.1580357318708438
2010-06-20,0.15875154831232594,0.14226532049226984,0.1293841294912399,0.152986361742682,0.13775825709806386,0.13798839756691522,0.14086598529650327
2010-06-27,0.0998270949493437,0.19448038557343741,0.09568855628675117,0.1991897993322963,0.11651684356675752,0.1537675614570832,0.14052975883433064
2010-07-04,0.11724733498727408,0.15269593934651346,0.15667797311782294,0.13424570893726961,0.14481636762306874,0.1510741947549824,0.1432424812330687
2010-07-11,0.11284225222435475,0.14173502527655663,0.16007026924527976,0.1391925821845399,0.15306181937191993,0.15243585699280446,0.14066219470454452
2010-07-18,0.13397982431442013,0.16197387089298407,0.16198074549678101,0.13055408258417361,0.14155946213145917,0.12102216497724824,0.14892984960293384
2010-07-25,0.14057489983030927,0.14464925993909092,0.1473369990360404,0.13397887601722985,0.14447193016699234,0.14786196048122968,0.14112607452910744
2010-08-01,0.14376881100747635,0.14723164997753418,0.14058042460025244,0.1435939516776189,0.14293405565651426,0.1403032468757979,0.141587860204806
2010-08-08,0.14423446492118494,0.1457806341654759,0.13877662941310695,0.14522703004727114,0.1433300378257809,0.14104543196150354,0.1416057716656767
2010-08-15,0.13559377022768854,0.13249212202766994,0.14715700109310037,0.16632573073862839,0.14535761492320395,0.14284284235256595,0.13023091863714292
2010-08-22,0.16150099490488853,0.1126477333352561,0.13409069963466094,0.15851967848176132,0.157227458841709,0.1223963996595596,0.15361703514216454
2010-08-29,0.14703621288460134,0.12830701612095455,0.13776416970643737,0.14769951715253885,0.15438628775523439,0.1367954182773464,0.14801137810288703
2010-09-05,0.162827388391433,0.12452252467545208,0.1284823115184376,0.14549291749335405,0.15499602133796445,0.13013628499410412,0.15354255158925487
2010-09-12,0.15356444540124803,0.17398774426572033,0.11378442396646787,0.13578214265063684,0.1712168523834307,0.12401046234195481,0.12765392899054137
2010-09-19,0.14263469960929176,0.1791384527946259,0.11351171146204801,0.14174894414610334,0.16359931581642032,0.13227715472806498,0.1270897214434457
2010-09-26,0.1400617809860238,0.1653877068893346,0.13126294606308314,0.12486505234301108,0.1464913590226043,0.15663299433929234,0.13529816035665068
2010-10-03,0.1364853181682946,0.17283630775445522,0.12042668728821776,0.15790952616462023,0.12178477847845977,0.14558286169933293,0.14497452044661954
2010-10-10,0.13853554512826394,0.1471434282810633,0.13775714925594548,0.15915746318652224,0.12815929386601732,0.14087427642684833,0.14837284385533944
2010-10-17,0.1441638022721166,0.1473957296936837,0.13001985774294075,0.16508751591595242,0.12961142412984877,0.13815790687473808,0.14556376337071966
2010-10-24,0.145671013160353,0.15329471602655032,0.12886144874796815,0.16385066390287337,0.12984550167970152,0.13654226301567773,0.1419343934668759
2010-10-31,0.15178603634323912,0.15036711372049272,0.1298884611777148,0.14863594214722683,0.14018408126025877,0.1381888681856314,0.14094949716543634
2010-11-07,0.14283204187689558,0.15093840955923998,0.1465114017060869,0.14008067427819743,0.14704439139954645,0.13388209164164913,0.13871098953838443
2010-11-14,0.1409891351918309,0.13425766012532536,0.14499643344708202,0.14690599372545737,0.1568307714305821,0.13608421236038926,0.13993579371933307
2010-11-21,0.15514245897294596,0.1709346307542876,0.1299857068867306,0.09923152241943695,0.14923770781386192,0.11963968951889027,0.17582828363384664
2010-11-28,0.11319772832474438,0.1721915933424013,0.12435678369662424,0.11779288079345855,0.23950790486798984,0.10025946352446688,0.13269364545031473
2010-12-05,0.15534226973949775,0.14766817289492967,0.14091119064601934,0.12237048642075894,0.14576437793173058,0.1351042802157161,0.1528392221513475
2010-12-12,0.1523582599788776,0.14725107118429814,0.1402045678771787,0.12479389060884584,0.1437054880209992,0.13519196170534803,0.15649476062445256
2010-12-19,0.1426317831062959,0.13283840776835246,0.18062346239918686,0.11875433048030204,0.143440110315199,0.13112557120819712,0.15058633472246655
2010-12-26,0.13322764090256753,0.13142374986368766,0.16398022527177297,0.15256673374440174,0.13344901243639984,0.14519755639220464,0.14015508138896554
2011-01-02,0.13312146550496204,0.12470388292027229,0.15948414137263908,0.16064913607909254,0.13760268123860736,0.14089314300691644,0.14354554987751025
2011-01-09,0.14390222801809185,0.12146027808575079,0.12238152259233033,0.17708749145134953,0.12866492519226622,0.14529813557510746,0.16120541908510375
2011-01-16,0.13774919564960472,0.14180137419231473,0.12577761335263327,0.1720195612228459,0.13042329117125842,0.15121068042604355,0.14101828398529942
2011-01-23,0.13327348556149818,0.13231691615661642,0.12961926005650745,0.19041514850766383,0.1403797344788691,0.13162709055973973,0.1423683646791053
2011-01-30,0.14383039557046357,0.12459100546381524,0.09830567124517993,0.13618189646731313,0.2088984173127995,0.15691194275168885,0.13128067118873976
2011-02-06,0.13991863272757035,0.10783044848324445,0.12023901674365967,0.1426094753329625,0.2163116301382758,0.1484163628905301,0.12467443368375714
2011-02-13,0.13504233267944304,0.10816880898886275,0.10582877222311986,0.14798857624572212,0.2140301677481655,0.14774980827936668,0.14119153383532013
2011-02-20,0.15241019589925456,0.1229745950662453,0.1518161501809413,0.16360250562482306,0.13983683533409702,0.13820752418763194,0.13115219370700673
2011-02-27,0.17677722987045638,0.1144254920628874,0.11684072668787872,0.16724699441905277,0.14599918199365164,0.13793021518241366,0.14078015978365943
2011-03-06,0.145511719707945,0.14739363751266246,0.1446111409000242,0.14589550416047045,0.13544139132975958,0.13112350730771738,0.15002309908142086
2011-03-13,0.14168704388507372,0.15110271966308722,0.1758895618431548,0.11653366772068886,0.12714540741526342,0.13301862629623162,0.1546229731765003
2011-03-20,0.1257818676281477,0.13155701351290827,0.15130429316831628,0.13095395580170668,0.15168124325476198,0.17663290537811868,0.1320887212560405
2011-04-10,0.12012489472912412,0.14161819484710186,0.1251037849704658,0.14152543021014072,0.14572835766101272,0.16586349462782676,0.160035842954328
2011-04-17,0.13892295393814352,0.15712249106346535,0.13067693282822507,0.11273882705114555,0.13389429396447236,0.15104001040469808,0.17560449074985002
2011-04-24,0.13858098678998793,0.14527460510710918,0.12905187659566913,0.14707643611299565,0.13759878018336158,0.14117773765674776,0.16123957755412877
2011-05-01,0.14495953763943814,0.14845251206948915,0.1465080639996099,0.13613334420603598,0.13293770850636005,0.13998010913994804,0.1510287244391188
2011-05-15,0.16237716766008228,0.13846686537397096,0.12538202302117343,0.15216728842179067,0.13934180038618332,0.14242272369780204,0.1398421314389972
2011-05-29,0.1559786337686,0.13821337414264792,0.1223846903322705,0.15343963932830668,0.143469763037024,0.14411605263337218,0.14239784675777878
2011-06-05,0.12801522978880595,0.15118488036608732,0.13492508271617423,0.13135290809607822,0.13552805883162541,0.17223506334288566,0.14675877685834318
2011-06-12,0.12729566652819377,0.16265631013766904,0.12011972701823563,0.13868629944024383,0.12268707454468983,0.17512198241999136,0.15343293991097645
2011-06-19,0.15316618831772238,0.15221570751137467,0.13187133193118686,0.1308664039088072,0.13533884964055068,0.1458154263115438,0.1507260923788145
2011-06-26,0.16098771554799704,0.15556590111256605,0.11841428975827414,0.12690269627596526,0.14808834996982506,0.14179522472231956,0.14824582261305294
2011-07-03,0.16446751566990078,0.1495069020354079,0.12177719255289851,0.1387596388860767,0.13659052607625177,0.14189446818774867,0.14700375659171577
2011-07-10,0.1379765313397578,0.14504293076584734,0.12557420840935452,0.1456750130240043,0.16663770608441064,0.14072054609485737,0.138373064281768
2011-07-17,0.13111414908867933,0.16698874210367468,0.13281701477306704,0.15300675254617468,0.1513269668874996,0.14323847637082743,0.12150789823007732
2011-07-31,0.13264549945965431,0.1825230368607572,0.13686378863255497,0.1558810277481106,0.13674355162463547,0.13986989869211272,0.11547319698217468
2011-08-07,0.1388422242852682,0.15920675274005194,0.13542069477574695,0.16017166305843739,0.1521900098019013,0.14076623434390992,0.11340242099468412
2011-08-14,0.13949602337450306,0.14943422117427013,0.1398735301012184,0.1567835451664796,0.13730398511738542,0.13830902922869248,0.13879966583745101
2011-08-21,0.14557567851107886,0.1397690840499898,0.14007808968932534,0.14116442229729445,0.14263360308535458,0.1440730789585791,0.14670604340837795
2011-08-28,0.1405902786157128,0.14733780657902876,0.14108292645032794,0.13645483885649906,0.14317271096182732,0.14242337263969265,0.14893806589691147
2011-09-04,0.13941106765536118,0.14746486972305797,0.14124698914018405,0.13375339159298333,0.14641408221842064,0.1431923950618545,0.14851720460813833
2011-09-11,0.14063655038099537,0.13520507839661894,0.13272829496380345,0.1562926408842025,0.14711353416720976,0.1443748532829043,0.1436490479242656
2011-09-18,0.14214198136970405,0.14431003447366664,0.12339172655714511,0.15164462083126037,0.14555655670477397,0.15752081179934707,0.13543426826410268
2011-09-25,0.1303837082691789,0.15121326327881718,0.14609869907487003,0.14494186107392604,0.14587580373347445,0.14605746034929587,0.13542920422043755
2011-10-02,0.1415867403860994,0.1496669852484218,0.1418263224504337,0.1356996863147763,0.14021563576766122,0.14419805511582887,0.1468065747167787
2011-10-09,0.150033862734873,0.14719657788930435,0.13695273921627923,0.1330485576910001,0.1399618740764404,0.14258179767587428,0.15022459071622846
2011-10-23,0.1451897267624773,0.1417636654123691,0.13656099440059755,0.1473707170549036,0.14178852595862051,0.1411967141917832,0.14612965621924884
2011-10-30,0.1386136295693744,0.13468310031699773,0.12615399776850642,0.1562214420588917,0.1539539390258754,0.13290330040250814,0.1574705908578461
2011-11-06,0.15020822503834855,0.13455868737294563,0.14320149357489143,0.14452227148282495,0.14340174133745717,0.13736979215885098,0.14673778903468132
2011-11-13,0.1416285881615142,0.13671961885151157,0.14753553933797786,0.14598988990431794,0.14281644021698203,0.14316909340442785,0.14214083012326853
2011-11-20,0.16310511199028094,0.13437342228219532,0.14597122956178527,0.1489587245919879,0.1386466507269267,0.13073279335177468,0.13821206749504933
2011-11-27,0.14082134593414752,0.14038734060828842,0.1595670166769897,0.14645657766013198,0.14015472190446462,0.15148942671629576,0.1211235704996821
2011-12-04,0.14158415315103168,0.14888603295388939,0.14823816849400528,0.14348125480424312,0.13811447083450915,0.1463433387213076,0.13335258104101372
2011-12-11,0.14385926172208335,0.15382493211483247,0.13774317256922922,0.1437309781751331,0.14456661916414104,0.14382191204458838,0.13245312420999245
2011-12-18,0.1350460852242086,0.17463947986867637,0.14132557527155876,0.12075678532360073,0.12810389403562025,0.1143527871440102,0.18577539313232494
2011-12-25,0.12193019001590298,0.16331660109633667,0.14825367898772301,0.13195115000756133,0.1436229838222712,0.14745065011912184,0.143474745951083
2012-01-01,0.11964111884569488,0.15573745484421206,0.16436789692160014,0.1259998965239564,0.15020818273341208,0.1387381764734639,0.1453072736576604
2012-01-08,0.137886653592479,0.18125102163746173,0.12869684295104244,0.14099078999112463,0.13000335463403012,0.1533521574232528,0.12781917977060922
2012-01-15,0.15873081054506957,0.1595598021331111,0.13384297920771412,0.13413717713512469,0.1345551397996082,0.14836129320409866,0.13081279797527365
2012-01-22,0.15358390237841074,0.14120058894030954,0.13557749105069583,0.13762514696461306,0.14250167928897584,0.14946096928704483,0.14005022208995013
2012-01-29,0.1785458059171389,0.1337969994559196,0.15894327719881218,0.11850567288872307,0.1384527134059078,0.13909789989037225,0.13265763124312624
2012-02-05,0.1378732688495515,0.15115937126926157,0.1433134710071898,0.13622935528057822,0.1462182331781002,0.14238491302065717,0.14282138739466152
2012-02-12,0.14549833957726094,0.13802757039131905,0.1337618487682169,0.15721818798341278,0.14573414064243437,0.1379376789012488,0.14182223373610714
2012-02-19,0.13753519401247793,0.14341896328383053,0.13694885634776865,0.1556623306248248,0.14642054636400226,0.13715165741026292,0.14286245195683292
2012-02-26,0.14279869953983215,0.14611138925174869,0.13755924706728212,0.15446239270276188,0.14138552749799702,0.13756184001401772,0.14012090392636048
2012-03-04,0.13965745853484995,0.14694025283042292,0.15142132737686761,0.14104096765622923,0.14199124109653408,0.13603642951171085,0.1429123229933854
2012-03-11,0.13583646834839685,0.1513960794172816,0.14733149137545729,0.1517320783928666,0.14031748770098668,0.13363297343448513,0.13975342133052585
2012-03-18,0.142484464351424,0.1507562508533184,0.1373371295082399,0.1521772076055311,0.14141204696686074,0.13389845989082988,0.14193444082379605
2012-03-25,0.14138806709691148,0.1480354626630448,0.14044592249853796,0.15279645273679068,0.14398673342673513,0.1361252186412786,0.13722214293670135
2012-04-01,0.1516279358773121,0.1398551888640907,0.1549197693182747,0.1447787732034523,0.14621416461976083,0.1334063895399368,0.12919777857717255
2012-04-08,0.15032715516594836,0.14062346134062104,0.1564469616449639,0.14447281670684112,0.13819268697797657,0.13972963796187557,0.13020728020177336
2012-04-15,0.14719051772897981,0.13899961318864687,0.14583434698423756,0.14343033565375185,0.14283506693569434,0.14146697718394308,0.14024314232474652
2012-04-22,0.14684654589737217,0.14086110107400224,0.14461818462183504,0.14227290604515933,0.1445789019198562,0.14020339191061104,0.14061896853116404
2012-04-29,0.1440744310183515,0.1433636685697067,0.14291937844181576,0.13292792966213463,0.15037647239415936,0.14197858377741995,0.1443595361364122
2012-05-06,0.12372865622435497,0.14980350781132695,0.13986543354842068,0.14349056900411686,0.14005524146318446,0.16021035920828816,0.1428462327403079
2012-05-13,0.133540871619504,0.1309339854796955,0.12238955755334785,0.1708703087030819,0.16191566022722154,0.14122580142909583,0.13912381498805346
2012-05-20,0.15018961627998112,0.1288042806407383,0.11551328232441829,0.18871766368086285,0.15304509393011004,0.12620214384639797,0.13752791929749153
2012-05-27,0.11871216469942908,0.17633236488698026,0.12804798810865609,0.18994375859301385,0.14380552657139772,0.13393472737531506,0.109223469765208
2012-06-03,0.14472794717238385,0.14462375291668753,0.13316341966341277,0.15644394148577195,0.16603303063608707,0.13010123143292424,0.12490667669273274
2012-06-10,0.14343210601990639,0.14332442435862633,0.14356388259111297,0.14180979350288525,0.14567149242302005,0.14078823384935965,0.14141006725508945
2012-06-17,0.14342147391627155,0.14375493274177534,0.14327241502288443,0.14135208598152835,0.14601939453515828,0.14106670100849364,0.14111299679388833
2012-06-24,0.1534468358914756,0.14176350823560874,0.1459791979324239,0.1475685142283204,0.1433971044598755,0.1418330991382602,0.1260117401140356
2012-07-01,0.14900268928530874,0.14839615831652592,0.14397934719598976,0.13907372559079204,0.1446656773324467,0.14412590086713434,0.1307565014118024
2012-07-08,0.14279214423454822,0.14749195856074832,0.1458560830955436,0.14397210207090425,0.15107120081578349,0.14124669799578962,0.12756981322668248
2012-07-15,0.14116802005534224,0.15173753546773314,0.14668132761478295,0.1508204591364673,0.13841662447875253,0.13406021324320158,0.13711582000372027
2012-07-22,0.14547741832647085,0.1461889499823266,0.13508070783788262,0.15906617348607574,0.14777406963291442,0.1333864252086059,0.1330262555257238
2012-07-29,0.13869874586467962,0.14347477773784748,0.1472002692750602,0.1609253714509407,0.1419855198586399,0.13544571755876067,0.1322695982540712
2012-08-05,0.18299527741911428,0.14743680489164426,0.16733238642608825,0.13835426768989345,0.1336157377436408,0.12536893099476049,0.10489659483485851
2012-08-12,0.18311747425309852,0.1487887662549172,0.16552875876734235,0.1425816384142686,0.13152375988042275,0.12388499148161178,0.10457461094833885
2012-08-19,0.1525913332600229,0.15259450549233464,0.1251297720482252,0.1490041803806819,0.1440632846600594,0.13450350395699281,0.14211342020168327
2012-08-26,0.16552937387863298,0.14880992061110077,0.11526104635140405,0.1302698509633717,0.16143876505237448,0.12014704009500106,0.15854400304811497
2012-09-02,0.14012614276462998,0.14389880381429107,0.11780888054582055,0.15336742006039783,0.1659349449804378,0.13194710406794036,0.14691670376648236
2012-09-09,0.1477176697508413,0.1461109259363418,0.12275642592244553,0.1425950791867726,0.17648896584378657,0.11921094752313827,0.14511998583667396
2012-09-16,0.1734622113337353,0.14772031962979504,0.1733711432802357,0.12092838143436892,0.1534589243298633,0.12158243543321687,0.10947658455878485
2012-09-23,0.17863806882853805,0.1396387203439538,0.166646855612056,0.13089611833398143,0.156961572186421,0.12241509017067807,0.10480357452437154
2012-09-30,0.16499288236590678,0.1436259648978691,0.14430269236971038,0.1278772430862824,0.12837687838052655,0.14140311010762527,0.14942122879207959
2012-10-07,0.14865636151273076,0.15841661816242308,0.14003489855882298,0.13886323441075166,0.131682414647891,0.14050537640805688,0.14184109629932382
2012-10-14,0.15703421547714813,0.14092002515877544,0.13462841434260017,0.151729196198811,0.14076906566243094,0.13506762423859045,0.13985145892164386
2012-10-21,0.1366900378438141,0.14098182882802068,0.12044268293121572,0.1676529852118698,0.12438639870624114,0.16011757512917457,0.149728491349664
2012-10-28,0.16568458101315575,0.1473330733816509,0.11326534187806316,0.13261636507254274,0.14822972053284444,0.14818633129507985,0.14468458682666313
2012-11-04,0.12551934388537714,0.1498611580125802,0.1349773395568762,0.15085316358035306,0.13683560167705341,0.16344685950435128,0.13850653378340871
2012-11-11,0.13712628535970348,0.13791073901568374,0.1276547704130152,0.15239281300587157,0.14784619254752282,0.1583184025590201,0.13875079709918306
2012-11-18,0.14278171905451756,0.13941610836769025,0.12962700523122148,0.15228329118424452,0.14539990165828223,0.1535809883266307,0.13691098617741335
2012-11-25,0.15146055708926529,0.12621089378984238,0.15901196419735597,0.1566957769183048,0.12728011479090381,0.13602709981691236,0.1433135933974153
2012-12-02,0.170345516097821,0.15824594689799978,0.1358080272568077,0.12510278222623114,0.13878374555303397,0.12726948348373435,0.14444449848437205
2012-12-09,0.1645802771007048,0.1378879690158546,0.14783907804138685,0.14071005116582172,0.13403776436336476,0.1251429441355112,0.1498019161773562
2012-12-16,0.1476861499485087,0.15303627006942544,0.14421055349191245,0.13147720220688805,0.1377418519631061,0.13770716902408314,0.14814080329607623
2012-12-23,0.14829353622827582,0.15652824106336463,0.13866436194568532,0.1357518156029876,0.12374206697021357,0.14433371063973044,0.15268626754974277
2012-12-30,0.14834940618591294,0.14923079527082958,0.13493545097614545,0.13759433846309127,0.1277686818860743,0.1438156208247584,0.15830570639318803
2013-01-06,0.15324399835614028,0.14047769078776157,0.13632851168938515,0.14608286296983122,0.13729884701651401,0.1411073212318975,0.14546076794847027
2013-01-13,0.1559822157771412,0.14724926973687752,0.1317938763994831,0.14729985969305429,0.131309613854142,0.13637990508290065,0.14998525945640126
2013-01-20,0.15686776095521537,0.1386179996039878,0.13106147505039895,0.15176313009635772,0.13556336802859786,0.1356658620810053,0.15046040418443699
2013-01-27,0.12160834415505621,0.16954549265813548,0.12542385727583635,0.15758159601288044,0.15140332306667773,0.11909982834254934,0.1553375584888644
2013-02-03,0.12935556767316014,0.1696108864324877,0.12358316931882488,0.15715298059189686,0.1473583899330946,0.12369459965926984,0.14924440639126593
2013-02-10,0.13136442658751588,0.16409958923034687,0.13009411706048296,0.14042718628543938,0.15616785715731893,0.12415523592564759,0.1536915877532483
2013-02-17,0.1292502499192494,0.15848433860329303,0.12851635278090326,0.14122943362980392,0.15031591548823833,0.14337542515333213,0.1488282844251798
2013-02-24,0.15197499808047168,0.14180565584093477,0.15901279101049726,0.14548421704106793,0.12489171730560081,0.13523388115212917,0.14159673956929833
2013-03-03,0.14725864880678483,0.1461892862515721,0.15796687908032006,0.13427495890149277,0.13198766296637476,0.13802997812548387,0.1442925858679715
2013-03-10,0.14165401084782395,0.1322425106309852,0.16236604059145474,0.14095020368823707,0.14031178826347804,0.14160112534250544,0.14087432063551555
2013-03-17,0.14082988844390543,0.13463777513176142,0.14952085649249755,0.14616148895845002,0.14563514594187463,0.14642184161152297,0.13679300341998812
2013-03-24,0.149418494159307,0.13385942734657985,0.14528413245122226,0.14554927737782236,0.1388983059115633,0.13779335759874783,0.1491970051547575
2013-03-31,0.14500075768533924,0.1362927196167784,0.13930266693155027,0.14879050014195497,0.14060904188772919,0.1409278450635224,0.1490764686731257
2013-04-07,0.14765474357619915,0.14442065634347362,0.1425916704046867,0.140867143120475,0.13810147883422566,0.13959255440343,0.14677175331750994
2013-04-14,0.13570842892337365,0.15714978849777092,0.16326846183654814,0.14219736903057803,0.1387087064082193,0.12340193232909075,0.13956531297441918
2013-04-21,0.12959057430349127,0.16385115134873454,0.1616696150084073,0.1420369548726546,0.1299650546772735,0.1398333209704686,0.13305332881897017
2013-04-28,0.13266963003149562,0.1427219833549524,0.14845483294036482,0.14964925882393815,0.13388872443719463,0.1440454385632772,0.14857013184877718
2013-05-05,0.1655109132202456,0.13092043559405278,0.1351391820762022,0.1498640645702498,0.13220638052394218,0.14863213141072712,0.1377268926045803
2013-05-12,0.15726100293771292,0.13819248672117318,0.12974922512328596,0.15089608403663643,0.13879394847890705,0.14255804972073274,0.14254920298155188
2013-05-19,0.1425153261297175,0.16540336260299832,0.14424632849895175,0.14870041513290877,0.14740594074661437,0.13015582231988657,0.12157280456892265
2013-05-26,0.1451250825073915,0.150421773722179,0.14009572329912218,0.14152680676828328,0.14891795557482376,0.13375262780003727,0.14016003032816302
2013-06-02,0.13758922739032248,0.15351696329340636,0.14015489141315157,0.14121093356711106,0.13869132223973174,0.1446750929360095,0.14416156916026734
2013-06-09,0.14540534046394327,0.13986620350177204,0.1409211850941799,0.13597027917485102,0.1388417570210714,0.15332856539961673,0.1456666693445656
2013-06-16,0.1416251977997272,0.1455576834345357,0.14263314443226582,0.146778673480906,0.13372936184342388,0.14905200877060007,0.14062393023854114
2013-06-23,0.13590720447306023,0.16503949068799045,0.1693650842885794,0.1184083389779489,0.12677174036949848,0.1303286708923309,0.15417947031059173
2013-06-30,0.13835776248357456,0.16749817870662306,0.1648831083850585,0.11945414579534434,0.12731147517832364,0.12979838663526908,0.15269694281580687
2013-07-07,0.1356639407241393,0.16653407770021525,0.13860650208099531,0.12032547616052972,0.1456500488264063,0.13696725958681386,0.15625269492090024
2013-07-14,0.1627163147215276,0.18298431876290439,0.09773812234528886,0.13066320685237906,0.1445012141687829,0.1347611232094737,0.1466356999396434
2013-07-21,0.16102072715718604,0.18938781799627646,0.10670572027557372,0.11477166176439448,0.14683196706730386,0.13339016230825596,0.14789194343100948
2013-07-28,0.17405420777047328,0.1397917361867262,0.11802385137239861,0.131694941258317,0.14583325511054504,0.1278289250681475,0.16277308323339248
2013-08-04,0.15229619347616616,0.10676190593418299,0.06678919951775318,0.24182655022690228,0.1731597938426209,0.14200547922403683,0.11716087777833756
2013-08-11,0.1406279332787192,0.13515002672608645,0.15422306472180108,0.14039504938028402,0.1418203460917424,0.14201012314637249,0.14577345665499444
2013-08-18,0.1356079057790829,0.11454537818232206,0.13905695579775312,0.1557156150764939,0.14149822700948297,0.1557451458117573,0.15783077234310777
2013-08-25,0.1360405317221109,0.14017459970165788,0.1429268810189207,0.13783299732864243,0.14652720060946384,0.15567809880459396,0.1408196908146103
2013-09-01,0.13203458351253763,0.12485611858377596,0.1368797641409625,0.14145672602733556,0.1418711330654283,0.16439899848943335,0.15850267618052685
2013-09-08,0.14547787818848965,0.1200527621483693,0.13357224991614627,0.17190669186902935,0.1434601923362375,0.169606169587893,0.11592405595383506
2013-09-15,0.14435449805220643,0.13827241869633244,0.15214671430246654,0.14949084934850998,0.1453842555195672,0.13781628496555498,0.13253497911536233
2013-09-22,0.1313051683080351,0.13256944893980296,0.14876229233804392,0.17506132258357243,0.1453942512687074,0.1346328161919382,0.13227470036989994
2013-09-29,0.13495521041922648,0.1307270987138721,0.17028868823139837,0.16398003945298498,0.14752859018663309,0.12783935608786912,0.12468101690801599
2013-10-06,0.13273468513355643,0.1381885210732148,0.1612297811635464,0.14697955681243685,0.15285582131453632,0.13254971353041872,0.13546192097229057
2013-10-13,0.15735115634525232,0.13001684708756045,0.13632972688288628,0.1485939760929186,0.1737565177672012,0.12847217838454816,0.12547959743963297
2013-10-20,0.13145599135240646,0.1302920700836052,0.14813553785838243,0.12903419126881505,0.1485635548796109,0.14289783232254497,0.16962082223463504
2013-10-27,0.15213982239173635,0.12757538983732747,0.14715505365075116,0.13572044569261216,0.14613885838145982,0.14299764810581378,0.14827278194029936
2013-11-03,0.15726177490395513,0.13292400624066897,0.12923299292529136,0.13420406383580077,0.15590449376230933,0.13948870891958276,0.15098395941239168
2013-11-10,0.15199315455753398,0.13093284340726852,0.13744014504554863,0.13428374864552897,0.15337400808323504,0.14665279345195611,0.14532330680892871
2013-11-17,0.13166607443702866,0.1599052135734684,0.13154575921803568,0.12519623767060847,0.17139194959374066,0.14239893634372608,0.1378958291633921
2013-11-24,0.12894348809670944,0.15208885080384246,0.1598975338624606,0.12952049020457831,0.1488005900385415,0.14196285167817657,0.13878619531569114
2013-12-01,0.14159811122007301,0.1379942498810931,0.1596367462801774,0.13128633288031868,0.14557701236290865,0.14248362977313273,0.1414239176022963
2013-12-08,0.14090972111108743,0.14111495851522698,0.14177684616697642,0.14290075824308923,0.14456146075592838,0.1482666767660616,0.14046957844162994
2013-12-15,0.14219212802768033,0.14078785844977565,0.1378771647537773,0.14500268787878318,0.14524069363244,0.1454659292212629,0.14343353803628073
2013-12-22,0.14166852407245759,0.14109901443303835,0.13802045928639917,0.14359819842472457,0.14615749454986826,0.14552563329940224,0.14393067593410966
2013-12-29,0.13042193926647264,0.13404021973631003,0.13622368795448936,0.14097709453586355,0.15282708372409246,0.14725287289351222,0.15825710188925987
2014-01-05,0.12913356934145104,0.12958435192181844,0.14741376223317842,0.14493506481216092,0.15038226749995437,0.14312073172934778,0.15543025246208905
2014-01-12,0.13757321042969922,0.1354305566593961,0.14585929431645087,0.13460290416231488,0.14424417586019744,0.1462557112748668,0.1560341472970747
2014-01-19,0.1427036319247422,0.16591902034957293,0.143680361736206,0.12288939072993364,0.13563749658380525,0.14464462600440417,0.1445254726713359
2014-01-26,0.1467888791286179,0.1538863409092137,0.1336025539565145,0.12243688665014657,0.13515404799970832,0.15289774674456338,0.1552335446112357
2014-02-02,0.14123129773986964,0.14850708956485328,0.124273772311443,0.1269672793624261,0.13802808886942142,0.1558656798395543,0.16512679231243232
2014-02-09,0.14409580957680984,0.15084089066731465,0.12273149898056225,0.12415077665494482,0.14474558408177743,0.1523874380561716,0.1610480019824194
2014-02-16,0.1394756664699638,0.13681221203488764,0.12748436180822667,0.15242224497521406,0.14831882725336307,0.13990418515619266,0.15558250230215212
2014-02-23,0.14610143558860525,0.1607390986275833,0.12456669463582581,0.13842026321307835,0.15264232817602194,0.1359301243040299,0.14160005545485557
2014-03-02,0.1441137505803398,0.1589776928191605,0.1451593818981256,0.1447474119040245,0.14302890953167496,0.1262706080365631,0.13770224523011157
2014-03-09,0.1386962535172956,0.14818812937011405,0.16133595441155388,0.1431759111436521,0.13563190739023992,0.13323119264817587,0.13974065151896856
2014-03-16,0.1490172475290176,0.12832282683108034,0.1654178020548558,0.1662691531613677,0.1254417010657092,0.12480867261157652,0.14072259674639287
2014-03-23,0.14851898881329378,0.13856424371943735,0.16996951187825646,0.167600002469805,0.12084757246543207,0.1189843095063972,0.13551537114737822
2014-03-30,0.17450065582447652,0.16421705390949412,0.17006702906764365,0.1384510109452145,0.14042041132444172,0.10197544501537928,0.11036839391335027
2014-04-06,0.1490470089290632,0.14857878742926328,0.15331383302953933,0.13023271884004847,0.1404527877153308,0.138692970085496,0.13968189397125902
2014-04-13,0.16435808182323955,0.11235929631704422,0.18997274257401187,0.15560251648929663,0.1363552335226305,0.10713662992474199,0.13421549934903526
2014-04-20,0.12820681513106436,0.13504195713539938,0.21152360137751255,0.14181552005252404,0.13966578429147133,0.08257833998906641,0.16116798202296187
2014-04-27,0.1657767599207341,0.11890394523101386,0.1492943518470771,0.16897598298725786,0.14255866967736933,0.13784346651121693,0.11664682382533087
2014-05-04,0.1525211800262092,0.14519511728299503,0.11843748234553093,0.18003665823221102,0.14163242138824447,0.14363319297534968,0.11854394774945971
2014-05-11,0.14377732620038278,0.15756254299150796,0.14885435539929906,0.1491149643499131,0.13919109315726547,0.14956876162277835,0.11193095627885326
2014-05-18,0.1412866246168553,0.1505555012849728,0.1751816543857684,0.13832963157467237,0.13400939088477928,0.13907342752617488,0.12156376972677695
2014-05-25,0.16501899072168294,0.13260737741012701,0.14644166003451742,0.12075351146105329,0.14060126190651837,0.14690815477975452,0.14766904368634653
2014-06-01,0.15389683793391418,0.14604410356233807,0.13570133431696782,0.1331471018671222,0.14027561233625352,0.15058589043822787,0.14034911954517632
2014-06-08,0.14186289324992307,0.13702145557207887,0.1585776786175742,0.12349120350665273,0.1301622408666385,0.14553830964620512,0.16334621854092754
2014-06-15,0.14230119050039272,0.1414641703542321,0.15633243511294515,0.12672706883402837,0.12533196952996362,0.1391699905740681,0.16867317509436983
2014-06-22,0.1439668761262292,0.14164025669004884,0.1578883747389278,0.12470557388888437,0.12625214084490025,0.13942318392253192,0.1661235937884777
2014-06-29,0.1513968254280764,0.1355241043746938,0.15937991629542209,0.15211728353275278,0.12983925199732255,0.11487634686025504,0.1568662715114773
2014-07-06,0.14950392326843603,0.12830205190887636,0.14909844486391047,0.14584122525429769,0.13866392390596483,0.13030297930169507,0.1582874514968196
2014-07-13,0.1495420398785483,0.12572643907321288,0.14820327220526475,0.13762080279944475,0.1440399605480042,0.13461464929213324,0.16025283620339176
2014-07-20,0.12773700987785488,0.13146773425946962,0.1476359563364771,0.1472616648718769,0.14514825116471436,0.14825453215768297,0.1524948513319241
2014-07-27,0.16772819456373153,0.10628200910598179,0.08853110978440643,0.13681873030048644,0.1676999292545943,0.19822274769295387,0.13471727929784566
2014-08-03,0.1747771091419351,0.09886298718109313,0.10348827472601393,0.14832583394155843,0.16020463209793281,0.15901572937910427,0.15532543353236225
2014-08-10,0.14345762692564168,0.1423058142656219,0.14351330723409844,0.15231867853453832,0.14049175815039117,0.14556758749499896,0.13234522739470955
2014-08-17,0.1492903483632015,0.14489404307551423,0.1451178806797134,0.15000649958314757,0.13757206508202577,0.1374231510190128,0.13569601219738486
2014-08-24,0.15368227694544037,0.13809936267338477,0.1375424398901775,0.14823532773540993,0.13429812405917355,0.15144358458643478,0.136698884109979
2014-08-31,0.15055357209264425,0.140586255161962,0.13630587101316735,0.15150663498468392,0.13595848473263447,0.14657963080867528,0.1385095512062326
2014-09-07,0.16007764316330267,0.14191635297238767,0.13888996911190893,0.14326151930657316,0.13505684261466475,0.15362648558969452,0.12717118724146845
2014-09-14,0.14422159299322182,0.13849806115009383,0.13129217465711934,0.14924355460504674,0.13819572630750637,0.15258242585667908,0.14596646443033287
2014-09-21,0.14394152783283387,0.1451614712734163,0.13587816526931365,0.14957410100883764,0.13928225185559645,0.15097252715042825,0.1351899556095737
2014-09-28,0.1455080223185442,0.14365498744700061,0.13907590829359992,0.14526044236468838,0.14231295710415703,0.14195085404816796,0.1422368284238418
2014-10-05,0.14495933689513668,0.14415624199876634,0.14099716549444014,0.14459185696925644,0.1414155891244528,0.14224185482030466,0.14163795469764287
2014-10-12,0.1343751217363726,0.1201332371106547,0.16289717764277184,0.14588449599873812,0.15190044099140318,0.14283686755784547,0.1419726589622141
2014-10-19,0.1339571278653998,0.11966871198633533,0.1567089883365603,0.14944099693537102,0.1478661858289957,0.14033009892247744,0.15202789012486045
2014-10-26,0.19326785517737255,0.10950485242842535,0.11772228617502646,0.13508732336422072,0.13754706611202006,0.13406660967462927,0.1728040070683055
2014-11-02,0.19484813683555166,0.10312163346726794,0.13737005498717528,0.12977610447282828,0.14648570313968198,0.12977840368520369,0.15861996341229115
2014-11-09,0.18584868813469332,0.10331623932818411,0.12835254897308196,0.13854053370416594,0.14594979795523005,0.12561163726887292,0.1723805546357718
2014-11-16,0.15296721055902995,0.14412702547629597,0.13955122054911218,0.14328300074602887,0.13825518953838703,0.1449125271815996,0.13690382594954636
2014-11-23,0.14371116932271374,0.1416525590009602,0.143957815327609,0.1414137999369572,0.1405370427440334,0.14258555625706243,0.14614205741066413
2014-11-30,0.13732323868106755,0.13973836691565134,0.14530380351934394,0.14823016479313816,0.1393809469445373,0.13769021922207286,0.15233325992418884
2014-12-07,0.14254037917749404,0.14450128285211636,0.13989298084115553,0.1448065558285933,0.1418925534768787,0.1369428350589528,0.14942341276480922
2014-12-14,0.12551741156648782,0.14285874463858922,0.1535306297257772,0.1464959146118175,0.13390463593517768,0.1396901827956936,0.15800248072645703
2014-12-21,0.13972445151416063,0.13995568282105394,0.1487792201578701,0.14608909890801988,0.1406845929683811,0.1588628227645477,0.12590413086596663
2014-12-28,0.13461020760028977,0.15941152371295697,0.16418072882081794,0.17281733969587887,0.13396786488850565,0.12410859534583277,0.11090373993571817
2015-01-04,0.14508271245173923,0.15897533575091594,0.12084504770998038,0.14047667367259886,0.13046683044383436,0.13213112805507407,0.17202227191585706
2015-01-11,0.15712714395769242,0.15214757103360205,0.12460832333399172,0.13819273301821808,0.14518401738034784,0.13396233943919225,0.14877787183695562
2015-01-18,0.1480776739944213,0.14419831061456087,0.14057892220687165,0.1316793077248018,0.14380907386727662,0.1433239067147052,0.1483328048773627
2015-01-25,0.17400388013013715,0.15886832590113012,0.10836883849683569,0.14389063986357808,0.14023176702194876,0.1167661091295902,0.15787043945677987
2015-02-01,0.13623382839376041,0.1758154793249425,0.15461932205960477,0.11940868353496863,0.14984413428726942,0.15176477454541665,0.11231377785403748
2015-02-08,0.14479222926465019,0.14081609041197346,0.1611325047332256,0.17893456454134546,0.14000682037369538,0.12484965394951254,0.10946813672559723
2015-02-15,0.1521666254268728,0.14115243074487516,0.1630088407187614,0.17237785267789316,0.1325303948092741,0.13198246887855744,0.106781386743766
2015-02-22,0.15484296799587544,0.138888815490103,0.16533709793951895,0.16696500986737964,0.13225188768793053,0.13772174611209165,0.1039924749071007
2015-03-01,0.167836464596615,0.13656352928530938,0.13890014962711705,0.16894744362578146,0.14635203557350984,0.1344217627744749,0.10697861451719229
2015-03-08,0.16156934382882868,0.1374139906148905,0.13961429253898489,0.13712276442199345,0.1498498394133937,0.14771138266069334,0.12671838652121542
2015-03-15,0.15617926754978623,0.1406481225363502,0.12843877202282192,0.15214596154527918,0.13234437716397335,0.1549066758333765,0.13533682334841263
2015-03-22,0.159854483871529,0.14430316302535554,0.14122261346653844,0.16336773683931002,0.13159512869295248,0.1407636614344027,0.11889321266991185
2015-03-29,0.14737017432710248,0.14242514830349812,0.13403226293048426,0.14298750125408685,0.14262535828280656,0.13779011567191393,0.15276943923010797
2015-04-05,0.15697481492164223,0.14239818657017084,0.14026215062203065,0.137938688472703,0.14233153044015123,0.13101985461506158,0.14907477435824046
2015-04-12,0.14148357468951028,0.10859761146622292,0.16518755329963303,0.14619579618194944,0.1430085856518962,0.16019042268061773,0.13533645603017017
2015-04-19,0.1721535373060592,0.10414875463568098,0.19065305105199262,0.1731894962919056,0.134128622473406,0.12831364746618912,0.09741289077476649
2015-04-26,0.16043871910397436,0.1310239122446152,0.17900185302447283,0.17136459712824745,0.15007329254786533,0.11446015808399755,0.09363746786682729
2015-05-03,0.09695656567975117,0.14914561690297104,0.1483867145527875,0.21875915737102486,0.14130064997193711,0.13069441242557722,0.114756883095951
2015-05-10,0.09291462345876325,0.23457248119221444,0.11907903274258733,0.18353047183872895,0.1429384012093958,0.13513201235681663,0.0918329772014937
2015-05-17,0.09300542021220216,0.23352564947669044,0.12824321555749654,0.18534529933617594,0.13528515440356353,0.13892169968620233,0.08567356132766907
2015-05-24,0.16334944327415377,0.128379839943407,0.14042383826622695,0.12599319987625704,0.15280108601582873,0.15117093324039063,0.13788165938373584
2015-05-31,0.12660497207483287,0.13763875610521598,0.1374581953031724,0.13532908078941677,0.1725273225529727,0.13617810416155102,0.15426356901283833
2015-06-07,0.1437547597831361,0.14879148268622353,0.14610338682513138,0.1424645413864335,0.13804242743330425,0.14208384610692743,0.13875955577884386
2015-06-14,0.16453073691357806,0.14524630671205654,0.14360092401450314,0.14340757544235,0.13183403104831828,0.12713711918172918,0.14424330668746488
2015-06-21,0.15033442985703843,0.14273111888593126,0.14665709747605404,0.1593762052358068,0.12198741377933939,0.13214677134413141,0.1467669634216987
2015-06-28,0.15120637304461154,0.14280406361940676,0.1362062747875674,0.15208101131860557,0.11796887708691703,0.14171933382479823,0.15801406631809345
2015-07-05,0.13131957952786097,0.14003750875616122,0.12369008119847748,0.13729017160124057,0.13131576657388982,0.14776869177250462,0.18857820056986524
2015-07-12,0.1184266918232201,0.11538979312764532,0.1505541451237298,0.12221315204184556,0.1482444585830179,0.15574475107722588,0.1894270082233155
2015-07-19,0.12973658366646074,0.1154665021840205,0.1694514584355306,0.11605544589774056,0.16401785877694255,0.1573254920638258,0.14794665897547932
2015-07-26,0.12729217195211492,0.11618361024553639,0.17256934797595008,0.11740701491557133,0.1672252317586122,0.1527453384510786,0.1465772847011364
2015-08-02,0.18807697909196636,0.15388986082436076,0.12385982884548448,0.11763327397240486,0.17339168222475435,0.11222358511649379,0.13092478992453555
2015-08-09,0.16968632155588823,0.15640547125006035,0.12081072082425608,0.11737318446097736,0.15437445615887857,0.13274983259254017,0.14860001315739932
2015-08-16,0.14754566730092786,0.16184573374595604,0.1246301067929782,0.1526720568072065,0.1544009926388959,0.11519595825050073,0.14370948446353474
2015-08-23,0.13719214854755377,0.15817978479935071,0.1281589775702748,0.1623682273207702,0.14958475805105736,0.12383788527786274,0.14067821843313041
2015-08-30,0.14754479186375394,0.14654090957837568,0.13746798455960352,0.15674545493623554,0.1397849332009275,0.13910634202483554,0.13280958383626826
2015-09-06,0.14997279717400525,0.14962524172152342,0.1385567595884305,0.15169705432727912,0.139239840167438,0.1392681366264565,0.1316401703948673
2015-09-13,0.13264266493842355,0.14788335168015598,0.14325534166347784,0.14370208646783977,0.14883013574474774,0.1476465424905138,0.13603987701484133
2015-09-20,0.13159305004815436,0.1469112131339799,0.14197712085382178,0.14557802463329955,0.14779049364327065,0.14827549861703793,0.1378745990704358
2015-09-27,0.14605567385021734,0.15211142749973128,0.14257810355610542,0.15252090496560192,0.14136097941964337,0.12953286765910468,0.1358400430495959
2015-10-04,0.13746355713604483,0.16276885539161992,0.15193282303925432,0.14292074024020726,0.13631815192162292,0.13118695773075686,0.13740891454049367
2015-10-11,0.13616029094142787,0.14623762071707272,0.15236855703134947,0.1371260464433302,0.1432428333075648,0.14676440911072103,0.1381002424485339
2015-10-18,0.13663504483945227,0.14600307837493562,0.16234319902112046,0.13922155847828646,0.13923322601333954,0.1414278123984658,0.13513608087439988
2015-10-25,0.13575458432918247,0.14064916042721795,0.16571246698795203,0.14528432475823136,0.1428988585534903,0.13915294344551443,0.13054766149841165
2015-11-01,0.1323869152287765,0.13864131691871728,0.16443069155384965,0.13700966883690116,0.1547992462655857,0.1397707195055048,0.13296144169066473
2015-11-08,0.13496722304802655,0.13966491380266244,0.15644624492925766,0.14373172613038482,0.1622956533176165,0.12770951078079562,0.13518472799125653
2015-11-15,0.1334406056821246,0.14404929085176849,0.14515398639742105,0.11969598938799185,0.15109082238621982,0.16299252655130037,0.1435767787431738
2015-11-22,0.13509050717493823,0.14696352878213992,0.1411266862006481,0.11620769980577283,0.1564898756951251,0.15908481051937018,0.14503689182200566
2015-11-29,0.11684318178633797,0.20246398422090023,0.11046633553378349,0.10423505015020255,0.16393996509362763,0.16855584553273378,0.13349563768241435
2015-12-06,0.10605483423532497,0.1546463468110856,0.128124193518059,0.12030082476308042,0.1576131885796311,0.20027991459939562,0.13298069749342317
2015-12-13,0.1289293195616138,0.16229365768793994,0.1440039628512344,0.15100876328609023,0.13896329376639477,0.13280111328819535,0.14199988955853154
2015-12-20,0.14032348130038919,0.15643365945382587,0.1332261263022901,0.1415512989501862,0.13916962082909504,0.14199273061950654,0.14730308254470717
2015-12-27,0.13842200749271136,0.15869720762956283,0.13277966922528914,0.14142952975310563,0.1413841667431684,0.14050762039983905,0.1467797987563237
2016-01-03,0.13293526609953074,0.1554282110344543,0.13451344147982905,0.1479672655323832,0.14423979089825326,0.14132477199947313,0.1435912529560764
2016-01-10,0.13499828130106273,0.13711769185880268,0.15269879283736368,0.1519727221777599,0.14546328283420454,0.14816497552216581,0.12958425346864075
2016-01-17,0.13910861650650916,0.14063876801941846,0.13958934614425905,0.1519863446694491,0.14292863073547565,0.1475543112134807,0.13819398271140781
2016-01-24,0.14898569006625154,0.14181010701278315,0.133281690147059,0.14818660813708437,0.1385237491203108,0.1534346158427686,0.13577753967374248
2016-01-31,0.14454564987230303,0.14729343725448382,0.12935596534064744,0.1559888359565718,0.13971550815849554,0.1479914878257192,0.13510911559177913
2016-02-07,0.14579438734019282,0.14665310296724643,0.12979217631811735,0.15699427632569787,0.13971140604835233,0.14659052216076354,0.13446412883962974
2016-02-14,0.13789543029231507,0.14413992289896033,0.13593916829087724,0.16436688157610554,0.13105773879582897,0.1509347545978228,0.13566610354809017
2016-02-21,0.147870676936973,0.13595085492412856,0.14387785695720814,0.1464719716581329,0.14712691614180276,0.14886132773170033,0.12984039565005429
2016-02-28,0.14596146422876308,0.14010435093195311,0.14649958209871605,0.1363988818010146,0.14358034749762333,0.14433199464980234,0.14312337879212753
2016-03-06,0.14094285505390913,0.13118465318961,0.137780903017616,0.16268957677290086,0.1416461273691719,0.14049669854951388,0.14525918604727828
2016-03-13,0.1531785420306488,0.16217148345629204,0.12201553943663326,0.1524373848222962,0.13798549719162556,0.13957329291714599,0.13263826014535823
2016-03-20,0.13834764628536708,0.1385781330869818,0.1491714490569814,0.1309505830595256,0.1991864347241757,0.13524896659841895,0.10851678718854951
2016-03-27,0.12993616431429666,0.1329861781506731,0.13128453719435204,0.156065852435591,0.19672225714704197,0.14160385353239194,0.11140115722565327
2016-04-03,0.1291246655769391,0.15157452025808157,0.11735601253335737,0.14812269643195158,0.17849025871735477,0.15335316098953902,0.12197868549277673
2016-04-10,0.14245235881117202,0.14591386103985968,0.13138539728323978,0.12393708175247259,0.1815300381451618,0.13534507892247016,0.139436184045624
2016-04-17,0.13774541043614408,0.13573288872397815,0.14204674470054435,0.14386492083059046,0.15257489109233088,0.14601070891758322,0.14202443529882885
2016-04-24,0.13738195168623168,0.12692792596035685,0.14894627881235764,0.15560781782852737,0.1517672312252048,0.14887448134186823,0.13049431314545343
2016-05-01,0.15187997856760782,0.1308061083651959,0.1452547104061602,0.14985357376390393,0.12178533694238024,0.14636602707655208,0.15405426487819981
2016-05-08,0.13891855302931555,0.0930607969809431,0.14118414089603987,0.18396918029884263,0.1365307239899754,0.18159692756389198,0.12473967724099162
2016-05-15,0.13532692118932113,0.1219001425944001,0.09811449056722583,0.18047589549257065,0.1283480916019522,0.18332277877462513,0.15251167977990476
2016-05-22,0.12959079585982985,0.10589905312174548,0.11954591407052698,0.19383455319429704,0.1190940358716429,0.17634710721366686,0.15568854066829105
2016-05-29,0.1327937596053127,0.13739261492341787,0.13015610427068208,0.15663511282732584,0.13621338734185745,0.141324423693636,0.16548459733776816
2016-06-05,0.1442439348959506,0.14555940841902085,0.13626183656005866,0.14454568510798024,0.1435772309811349,0.14267132567191837,0.1431405783639364
2016-06-12,0.14042913522860853,0.14455590925608405,0.13862775054840437,0.14746408201471725,0.14203184105848568,0.14315247767093078,0.14373880422276927
2016-06-26,0.14541887244506188,0.14932608826614718,0.1410786431970164,0.14631911934176448,0.13869264796834338,0.1420206815402337,0.13714394724143295
2016-07-03,0.1453008133344893,0.15301269083410438,0.13763722638284984,0.1415850613847338,0.14182098310658017,0.14603228058916567,0.13461094436807686
2016-07-10,0.1390176408306242,0.15284821310955599,0.1344236402412315,0.13810184223647778,0.14678589127291491,0.15048641356267445,0.13833635874652117
2016-07-17,0.149905221326938,0.15435409947914572,0.11880044723983607,0.1450084123007037,0.14626848670832415,0.1520174909199554,0.13364584202509705
2016-07-24,0.15456656906292512,0.15289764255910016,0.1327833110908612,0.1293921801599585,0.14586666407789103,0.14789522963423005,0.136598403415034
2016-07-31,0.16759446344649567,0.13940477768266427,0.1293102985931383,0.13209545710997123,0.14651278673160828,0.1368928519756487,0.14818936446047357
2016-08-07,0.15287230641935032,0.14617714707221335,0.14520670339100566,0.14059730347293595,0.1405084833235873,0.13784285891377182,0.13679519740713567
2016-08-14,0.15137303399169363,0.14401406769046285,0.14387924887953527,0.13921186018870846,0.13785099855157598,0.1530620973274552,0.13060869337056852
2016-08-21,0.1545066317018127,0.14218471461667517,0.12883675025554933,0.1280652639360566,0.13298763827721707,0.16097671756575035,0.15244228364693882
2016-08-28,0.14475156956640553,0.1688231594777261,0.10806986880402349,0.1428424361578067,0.13220029995256372,0.15076219099511665,0.15255047504635788
2016-09-04,0.12680743168249844,0.18679099519045586,0.12932004776536124,0.1032867352120424,0.13596351558364392,0.1692092488674883,0.1486220256985098
2016-09-11,0.13767226518725761,0.191546425131855,0.14313885135799392,0.12317426622873406,0.13505305101535744,0.12472441876844964,0.14469072231035232
2016-09-18,0.1522149232797471,0.17509979805908885,0.15730541847990662,0.11322730558716866,0.1412486655640121,0.11674063689018936,0.14416325213988734
2016-09-25,0.15379966269832535,0.16971899952144961,0.17048458530481872,0.11173046038803237,0.13960024971315496,0.11850610046940019,0.13615994190481864
2016-10-02,0.14700484499665903,0.1402167413784601,0.16422086739239278,0.11822660695958999,0.16541052224529323,0.12322315611116139,0.14169726091644355
2016-10-09,0.1533985430565578,0.14515571132281668,0.17829949128254266,0.1356076376107673,0.13088494389161492,0.1342114301806854,0.12244224265501512
2016-10-16,0.15964407832704783,0.15914976833337324,0.15191451432163827,0.14029858834263376,0.1454008117177565,0.14590157546297702,0.0976906634945733
2016-10-23,0.20540721826944394,0.16154656091573744,0.12241990441558391,0.12369114144382945,0.1294118057814955,0.17861253610515163,0.07891083306875826
2016-10-30,0.16738218054946188,0.14317579928113722,0.10446758949594184,0.14376550207693434,0.15389389343467272,0.16926977244352953,0.11804526271832257
2016-11-06,0.11492641767632195,0.14830104697015217,0.12141506283680982,0.16989474909727692,0.15052338140974555,0.18468427981146546,0.11025506219822805
2016-11-13,0.11393784233269269,0.14324587826959354,0.1172837418739946,0.16097482184790685,0.19024910823554694,0.1655374899744851,0.10877111746578026
2016-11-20,0.1106115559408631,0.15689909681503117,0.13294590679298976,0.14325864472516223,0.17566207073238316,0.18370777577465675,0.09691494921891379
2016-11-27,0.1380965920713164,0.13591693860356374,0.15419263847016892,0.13894733386990973,0.13685767781079383,0.1482128339595857,0.14777598521466181
2016-12-04,0.1390337298816037,0.14738732300226629,0.14026401531892554,0.14059597062466828,0.14636437563594856,0.14284343632369043,0.14351114921289718
2016-12-11,0.14505444063971257,0.14306127814652542,0.1405473435207816,0.14160898054205542,0.1437069597359322,0.1444372871663618,0.14158371024863095
2016-12-18,0.14322857671901953,0.1453728788810538,0.13919079788613806,0.14200163215217637,0.14168268807909248,0.14425606954533224,0.14426735673718755
2016-12-25,0.14161123784453178,0.14318211282873286,0.14032719447237954,0.1416945261106874,0.14270242132516586,0.14405587222847924,0.14642663519002336
2017-01-01,0.13109740634596842,0.1376084965612176,0.14623193540691892,0.15187455792976362,0.14536438878973434,0.1517408418216099,0.13608237314478722
2017-01-08,0.17692981506812971,0.11979895673667627,0.1220775406088564,0.14575326401661276,0.13698318420427474,0.18703447572220658,0.11142276364324356
2017-01-15,0.1481541222222775,0.11783869270525023,0.1267860989044388,0.1656832717974819,0.13459357139102307,0.16878097389291116,0.1381632690866172
2017-01-22,0.13905572344196693,0.10212861262141604,0.1421569381077164,0.1743300175884304,0.14426767264944715,0.16011383986545308,0.13794719572557
2017-01-29,0.1986962081075639,0.0881480628477623,0.1833045028849249,0.13260734009892536,0.12378856568302883,0.14027258829927716,0.13318273207851758
2017-02-05,0.1401192394709926,0.1353181146984717,0.1778160267503122,0.14543868264993,0.1441538249441222,0.1216275996344118,0.13552651185175948
2017-02-12,0.14617341081829288,0.1438357915332025,0.15461708900339746,0.1555759060957613,0.1285789458244212,0.13233896996309907,0.13887988676182553
2017-02-19,0.13869943608482127,0.13086741370197313,0.12889491089963304,0.1969231538914056,0.1212859161963979,0.12055145647111937,0.16277771275464967
2017-02-26,0.14318944100348127,0.13947409932590443,0.12847129085669337,0.1447568161773788,0.15569770786082718,0.13984186610519092,0.148568778670524
2017-03-05,0.14362255586857256,0.14117299900440897,0.14566689958164142,0.14419001074189805,0.14211252448416442,0.14143241237240087,0.14180259794691383
2017-03-12,0.14058390468974613,0.14119716171353597,0.13937604813940246,0.1493227492977607,0.14536315683772413,0.14355685898816944,0.14060012033366123
2017-03-19,0.14178633721280823,0.13737371260812334,0.14641437348515762,0.1481299466509163,0.1410729505046493,0.14418781940485773,0.14103486013348732
2017-03-26,0.13657169192827576,0.15291932809234082,0.14152020687678987,0.1413609750122663,0.15133343301715882,0.14083167577989258,0.1354626892932758
2017-04-02,0.14619049835681977,0.13952481014916715,0.14714904167850396,0.1416875037644677,0.14945983533502807,0.1373461828274172,0.13864212788859615
2017-04-09,0.1446464861545608,0.142561983016225,0.15011619994210404,0.14035997984675008,0.14160426682509353,0.14048670191453672,0.14022438230072973
2017-04-16,0.1449817710590659,0.14266262138912247,0.15005220679043854,0.14056169909553584,0.141672616350349,0.14004981644978884,0.14001926886569943
2017-04-23,0.14773102068137334,0.1495957151363814,0.14186715268709002,0.13935372824738987,0.14501306596550023,0.13535053926021706,0.14108877802204808
2017-04-30,0.14421391052438826,0.15064228754157089,0.14161678023600308,0.13958430673450972,0.1439406283593947,0.13715851472246185,0.1428435718816715
