,Date,Hibor
0,31 December-2014,0.21000%
1,30 December-2014,0.21000%
2,29 December-2014,0.21000%
3,24 December-2014,0.21000%
4,23 December-2014,0.21000%
5,22 December-2014,0.21000%
6,19 December-2014,0.21000%
7,18 December-2014,0.21000%
8,17 December-2014,0.21000%
9,16 December-2014,0.21000%
10,15 December-2014,0.21000%
11,12 December-2014,0.21000%
12,11 December-2014,0.21000%
13,10 December-2014,0.21000%
14,9 December-2014,0.21000%
15,8 December-2014,0.21000%
16,5 December-2014,0.21000%
17,4 December-2014,0.21000%
18,3 December-2014,0.20000%
19,2 December-2014,0.19000%
20,1 December-2014,0.19000%
21,28 November-2014,0.19000%
22,27 November-2014,0.19000%
23,26 November-2014,0.19000%
24,25 November-2014,0.19000%
25,24 November-2014,0.19000%
26,21 November-2014,0.19000%
27,20 November-2014,0.19000%
28,19 November-2014,0.19000%
29,18 November-2014,0.19000%
30,17 November-2014,0.19000%
31,14 November-2014,0.19000%
32,13 November-2014,0.19000%
33,12 November-2014,0.19000%
34,11 November-2014,0.19000%
35,10 November-2014,0.19000%
36,7 November-2014,0.19000%
37,6 November-2014,0.19000%
38,5 November-2014,0.19000%
39,4 November-2014,0.19000%
40,3 November-2014,0.19000%
41,31 October-2014,0.19000%
42,30 October-2014,0.19000%
43,29 October-2014,0.19000%
44,28 October-2014,0.19000%
45,27 October-2014,0.19000%
46,24 October-2014,0.19000%
47,23 October-2014,0.19000%
48,22 October-2014,0.19000%
49,21 October-2014,0.19000%
50,20 October-2014,0.19000%
51,17 October-2014,0.19000%
52,16 October-2014,0.19000%
53,15 October-2014,0.19000%
54,14 October-2014,0.19000%
55,13 October-2014,0.19000%
56,10 October-2014,0.19000%
57,9 October-2014,0.19000%
58,8 October-2014,0.19000%
59,7 October-2014,0.19000%
60,6 October-2014,0.19000%
61,3 October-2014,0.19000%
62,30 September-2014,0.19000%
63,29 September-2014,0.19000%
64,26 September-2014,0.19000%
65,25 September-2014,0.19000%
66,24 September-2014,0.19000%
67,23 September-2014,0.19000%
68,22 September-2014,0.19000%
69,19 September-2014,0.19000%
70,18 September-2014,0.19000%
71,17 September-2014,0.19000%
72,16 September-2014,0.19000%
73,15 September-2014,0.19000%
74,12 September-2014,0.19000%
75,11 September-2014,0.19000%
76,10 September-2014,0.19000%
77,8 September-2014,0.19000%
78,5 September-2014,0.19000%
79,4 September-2014,0.19000%
80,3 September-2014,0.19000%
81,2 September-2014,0.19000%
82,1 September-2014,0.19000%
83,29 August-2014,0.19000%
84,28 August-2014,0.19000%
85,27 August-2014,0.19000%
86,26 August-2014,0.19000%
87,25 August-2014,0.19000%
88,22 August-2014,0.19000%
89,21 August-2014,0.19000%
90,20 August-2014,0.19000%
91,19 August-2014,0.19000%
92,18 August-2014,0.19000%
93,15 August-2014,0.19000%
94,14 August-2014,0.20000%
95,13 August-2014,0.20000%
96,12 August-2014,0.20000%
97,11 August-2014,0.20000%
98,8 August-2014,0.20000%
99,7 August-2014,0.20000%
100,6 August-2014,0.20000%
101,5 August-2014,0.20000%
102,4 August-2014,0.20000%
103,1 August-2014,0.20000%
104,31 July-2014,0.20000%
105,30 July-2014,0.20000%
106,29 July-2014,0.20000%
107,28 July-2014,0.20000%
108,25 July-2014,0.20000%
109,24 July-2014,0.20000%
110,23 July-2014,0.20000%
111,22 July-2014,0.20000%
112,21 July-2014,0.20000%
113,18 July-2014,0.20000%
114,17 July-2014,0.20000%
115,16 July-2014,0.20000%
116,15 July-2014,0.20000%
117,14 July-2014,0.20000%
118,11 July-2014,0.20000%
119,10 July-2014,0.20000%
120,9 July-2014,0.20000%
121,8 July-2014,0.20000%
122,7 July-2014,0.20000%
123,4 July-2014,0.20000%
124,3 July-2014,0.20000%
125,2 July-2014,0.20000%
126,30 June-2014,0.20000%
127,27 June-2014,0.20000%
128,26 June-2014,0.20000%
129,25 June-2014,0.20000%
130,24 June-2014,0.20000%
131,23 June-2014,0.20000%
132,20 June-2014,0.20000%
133,19 June-2014,0.20000%
134,18 June-2014,0.20000%
135,17 June-2014,0.20000%
136,16 June-2014,0.20000%
137,13 June-2014,0.20000%
138,12 June-2014,0.20000%
139,11 June-2014,0.20000%
140,10 June-2014,0.20000%
141,9 June-2014,0.20000%
142,6 June-2014,0.20000%
143,5 June-2014,0.20000%
144,4 June-2014,0.20000%
145,3 June-2014,0.20000%
146,30 May-2014,0.20000%
147,29 May-2014,0.20000%
148,28 May-2014,0.20000%
149,27 May-2014,0.20000%
150,26 May-2014,0.20000%
151,23 May-2014,0.20000%
152,22 May-2014,0.20000%
153,21 May-2014,0.20000%
154,20 May-2014,0.20000%
155,19 May-2014,0.20000%
156,16 May-2014,0.20000%
157,15 May-2014,0.20000%
158,14 May-2014,0.20000%
159,13 May-2014,0.20000%
160,12 May-2014,0.20000%
161,9 May-2014,0.20000%
162,8 May-2014,0.20000%
163,7 May-2014,0.20000%
164,5 May-2014,0.20000%
165,2 May-2014,0.20000%
166,30 April-2014,0.20000%
167,29 April-2014,0.20000%
168,28 April-2014,0.20000%
169,25 April-2014,0.20000%
170,24 April-2014,0.20000%
171,23 April-2014,0.20000%
172,22 April-2014,0.20000%
173,17 April-2014,0.20000%
174,16 April-2014,0.20000%
175,15 April-2014,0.20000%
176,14 April-2014,0.20000%
177,11 April-2014,0.20000%
178,10 April-2014,0.20000%
179,9 April-2014,0.20000%
180,8 April-2014,0.20000%
181,7 April-2014,0.20000%
182,4 April-2014,0.20000%
183,3 April-2014,0.20000%
184,2 April-2014,0.20000%
185,1 April-2014,0.20000%
186,31 March-2014,0.20000%
187,28 March-2014,0.20000%
188,27 March-2014,0.20000%
189,26 March-2014,0.20000%
190,25 March-2014,0.20000%
191,24 March-2014,0.20000%
192,21 March-2014,0.20000%
193,20 March-2014,0.20000%
194,19 March-2014,0.20000%
195,18 March-2014,0.20000%
196,17 March-2014,0.20000%
197,14 March-2014,0.20000%
198,13 March-2014,0.20000%
199,12 March-2014,0.20000%
200,11 March-2014,0.20000%
201,10 March-2014,0.20000%
202,7 March-2014,0.20000%
203,6 March-2014,0.20000%
204,5 March-2014,0.20000%
205,4 March-2014,0.20000%
206,3 March-2014,0.20000%
207,28 February-2014,0.20000%
208,27 February-2014,0.20000%
209,26 February-2014,0.20000%
210,25 February-2014,0.20000%
211,24 February-2014,0.20000%
212,21 February-2014,0.20000%
213,20 February-2014,0.20000%
214,19 February-2014,0.20000%
215,18 February-2014,0.20000%
216,17 February-2014,0.20000%
217,14 February-2014,0.20000%
218,13 February-2014,0.20000%
219,12 February-2014,0.20000%
220,11 February-2014,0.20000%
221,10 February-2014,0.20000%
222,7 February-2014,0.20000%
223,6 February-2014,0.20000%
224,5 February-2014,0.20000%
225,4 February-2014,0.20000%
226,30 January-2014,0.20000%
227,29 January-2014,0.20000%
228,28 January-2014,0.20000%
229,27 January-2014,0.20000%
230,24 January-2014,0.20000%
231,23 January-2014,0.20000%
232,22 January-2014,0.20000%
233,21 January-2014,0.20000%
234,20 January-2014,0.20000%
235,17 January-2014,0.20000%
236,16 January-2014,0.20000%
237,15 January-2014,0.20000%
238,14 January-2014,0.20000%
239,13 January-2014,0.20000%
240,10 January-2014,0.20000%
241,9 January-2014,0.20000%
242,8 January-2014,0.20000%
243,7 January-2014,0.20000%
244,6 January-2014,0.20000%
245,3 January-2014,0.20000%
246,2 January-2014,0.20000%
0,30 December-2016,0.71000%
1,29 December-2016,0.70000%
2,28 December-2016,0.65000%
3,23 December-2016,0.64000%
4,22 December-2016,0.62000%
5,21 December-2016,0.60000%
6,20 December-2016,0.59000%
7,19 December-2016,0.59000%
8,16 December-2016,0.58000%
9,15 December-2016,0.61000%
10,14 December-2016,0.56000%
11,13 December-2016,0.53000%
12,12 December-2016,0.49000%
13,9 December-2016,0.44000%
14,8 December-2016,0.44000%
15,7 December-2016,0.44000%
16,6 December-2016,0.42000%
17,5 December-2016,0.42000%
18,2 December-2016,0.40000%
19,1 December-2016,0.39000%
20,30 November-2016,0.38000%
21,29 November-2016,0.36000%
22,28 November-2016,0.35000%
23,25 November-2016,0.35000%
24,24 November-2016,0.35000%
25,23 November-2016,0.35000%
26,22 November-2016,0.35000%
27,21 November-2016,0.35000%
28,18 November-2016,0.35000%
29,17 November-2016,0.35000%
30,16 November-2016,0.35000%
31,15 November-2016,0.34000%
32,14 November-2016,0.34000%
33,11 November-2016,0.34000%
34,10 November-2016,0.34000%
35,9 November-2016,0.34000%
36,8 November-2016,0.34000%
37,7 November-2016,0.34000%
38,4 November-2016,0.34000%
39,3 November-2016,0.34000%
40,2 November-2016,0.34000%
41,1 November-2016,0.33000%
42,31 October-2016,0.32000%
43,28 October-2016,0.30000%
44,27 October-2016,0.30000%
45,26 October-2016,0.29000%
46,25 October-2016,0.29000%
47,24 October-2016,0.27500%
48,20 October-2016,0.27500%
49,19 October-2016,0.27500%
50,18 October-2016,0.26500%
51,17 October-2016,0.26500%
52,14 October-2016,0.26500%
53,13 October-2016,0.26500%
54,12 October-2016,0.26500%
55,11 October-2016,0.25500%
56,7 October-2016,0.25500%
57,6 October-2016,0.24500%
58,5 October-2016,0.24500%
59,4 October-2016,0.24500%
60,3 October-2016,0.25000%
61,30 September-2016,0.25000%
62,29 September-2016,0.24000%
63,28 September-2016,0.24000%
64,27 September-2016,0.24000%
65,26 September-2016,0.24000%
66,23 September-2016,0.24000%
67,22 September-2016,0.24000%
68,21 September-2016,0.24000%
69,20 September-2016,0.24000%
70,19 September-2016,0.24000%
71,15 September-2016,0.24000%
72,14 September-2016,0.24000%
73,13 September-2016,0.24000%
74,12 September-2016,0.23000%
75,9 September-2016,0.23000%
76,8 September-2016,0.23000%
77,7 September-2016,0.23000%
78,6 September-2016,0.23000%
79,5 September-2016,0.23000%
80,2 September-2016,0.23000%
81,1 September-2016,0.23000%
82,31 August-2016,0.23000%
83,30 August-2016,0.22000%
84,29 August-2016,0.22000%
85,26 August-2016,0.22000%
86,25 August-2016,0.22000%
87,24 August-2016,0.22000%
88,23 August-2016,0.22000%
89,22 August-2016,0.22000%
90,19 August-2016,0.22000%
91,18 August-2016,0.21000%
92,17 August-2016,0.21000%
93,16 August-2016,0.21000%
94,15 August-2016,0.21000%
95,12 August-2016,0.21000%
96,11 August-2016,0.21000%
97,10 August-2016,0.21000%
98,9 August-2016,0.21000%
99,8 August-2016,0.21000%
100,5 August-2016,0.21000%
101,4 August-2016,0.21000%
102,3 August-2016,0.21000%
103,1 August-2016,0.21000%
104,29 July-2016,0.21000%
105,28 July-2016,0.21000%
106,27 July-2016,0.21000%
107,26 July-2016,0.21000%
108,25 July-2016,0.21000%
109,22 July-2016,0.21000%
110,21 July-2016,0.21000%
111,20 July-2016,0.21000%
112,19 July-2016,0.21000%
113,18 July-2016,0.20000%
114,15 July-2016,0.20000%
115,14 July-2016,0.20000%
116,13 July-2016,0.20000%
117,12 July-2016,0.21000%
118,11 July-2016,0.21000%
119,8 July-2016,0.20000%
120,7 July-2016,0.21000%
121,6 July-2016,0.21000%
122,5 July-2016,0.21000%
123,4 July-2016,0.22000%
124,30 June-2016,0.22000%
125,29 June-2016,0.22000%
126,28 June-2016,0.22000%
127,27 June-2016,0.22000%
128,24 June-2016,0.20000%
129,23 June-2016,0.20000%
130,22 June-2016,0.20000%
131,21 June-2016,0.20000%
132,20 June-2016,0.20000%
133,17 June-2016,0.20000%
134,16 June-2016,0.20000%
135,15 June-2016,0.19000%
136,14 June-2016,0.19000%
137,13 June-2016,0.19000%
138,10 June-2016,0.19000%
139,8 June-2016,0.19000%
140,7 June-2016,0.19000%
141,6 June-2016,0.19000%
142,3 June-2016,0.19000%
143,2 June-2016,0.20000%
144,1 June-2016,0.20000%
145,31 May-2016,0.20000%
146,30 May-2016,0.19000%
147,27 May-2016,0.18000%
148,26 May-2016,0.18000%
149,25 May-2016,0.18000%
150,24 May-2016,0.18000%
151,23 May-2016,0.18000%
152,20 May-2016,0.18000%
153,19 May-2016,0.18000%
154,18 May-2016,0.18000%
155,17 May-2016,0.18000%
156,16 May-2016,0.18000%
157,13 May-2016,0.18000%
158,12 May-2016,0.18000%
159,11 May-2016,0.19000%
160,10 May-2016,0.19000%
161,9 May-2016,0.19000%
162,6 May-2016,0.19000%
163,5 May-2016,0.19000%
164,4 May-2016,0.19000%
165,3 May-2016,0.19000%
166,29 April-2016,0.19000%
167,28 April-2016,0.19000%
168,27 April-2016,0.19000%
169,26 April-2016,0.19000%
170,25 April-2016,0.19000%
171,22 April-2016,0.19000%
172,21 April-2016,0.19000%
173,20 April-2016,0.19000%
174,19 April-2016,0.19000%
175,18 April-2016,0.19000%
176,15 April-2016,0.19000%
177,14 April-2016,0.19000%
178,13 April-2016,0.19000%
179,12 April-2016,0.19000%
180,11 April-2016,0.19000%
181,8 April-2016,0.19000%
182,7 April-2016,0.19000%
183,6 April-2016,0.19000%
184,5 April-2016,0.19000%
185,1 April-2016,0.20000%
186,31 March-2016,0.20000%
187,30 March-2016,0.20000%
188,29 March-2016,0.20000%
189,24 March-2016,0.20000%
190,23 March-2016,0.19000%
191,22 March-2016,0.19000%
192,21 March-2016,0.19000%
193,18 March-2016,0.19000%
194,17 March-2016,0.19000%
195,16 March-2016,0.19000%
196,15 March-2016,0.19000%
197,14 March-2016,0.19000%
198,11 March-2016,0.20000%
199,10 March-2016,0.20000%
200,9 March-2016,0.22000%
201,8 March-2016,0.22000%
202,7 March-2016,0.22000%
203,4 March-2016,0.22000%
204,3 March-2016,0.22000%
205,2 March-2016,0.22000%
206,1 March-2016,0.22000%
207,29 February-2016,0.22000%
208,26 February-2016,0.22000%
209,25 February-2016,0.22000%
210,24 February-2016,0.23000%
211,23 February-2016,0.25000%
212,22 February-2016,0.26000%
213,19 February-2016,0.26000%
214,18 February-2016,0.28000%
215,17 February-2016,0.29000%
216,16 February-2016,0.29000%
217,15 February-2016,0.29000%
218,12 February-2016,0.29000%
219,11 February-2016,0.29000%
220,5 February-2016,0.29000%
221,4 February-2016,0.31000%
222,3 February-2016,0.31000%
223,2 February-2016,0.30000%
224,1 February-2016,0.30000%
225,29 January-2016,0.30000%
226,28 January-2016,0.30000%
227,27 January-2016,0.30000%
228,26 January-2016,0.30000%
229,25 January-2016,0.30000%
230,22 January-2016,0.30000%
231,21 January-2016,0.28000%
232,20 January-2016,0.26000%
233,19 January-2016,0.25000%
234,18 January-2016,0.22000%
235,15 January-2016,0.21000%
236,14 January-2016,0.20000%
237,13 January-2016,0.20000%
238,12 January-2016,0.20000%
239,11 January-2016,0.19000%
240,8 January-2016,0.19000%
241,7 January-2016,0.19000%
242,6 January-2016,0.19000%
243,5 January-2016,0.19000%
244,4 January-2016,0.19000%
0,31 December-2012,0.26000%
1,28 December-2012,0.26000%
2,27 December-2012,0.26000%
3,24 December-2012,0.26000%
4,21 December-2012,0.26000%
5,20 December-2012,0.26000%
6,19 December-2012,0.26000%
7,18 December-2012,0.26000%
8,17 December-2012,0.26000%
9,14 December-2012,0.26000%
10,13 December-2012,0.26000%
11,12 December-2012,0.26000%
12,11 December-2012,0.26000%
13,10 December-2012,0.26000%
14,7 December-2012,0.26000%
15,6 December-2012,0.26000%
16,5 December-2012,0.26000%
17,4 December-2012,0.26000%
18,3 December-2012,0.26000%
19,30 November-2012,0.26000%
20,29 November-2012,0.26000%
21,28 November-2012,0.26000%
22,27 November-2012,0.26000%
23,26 November-2012,0.26000%
24,23 November-2012,0.26000%
25,22 November-2012,0.26000%
26,21 November-2012,0.26000%
27,20 November-2012,0.26000%
28,19 November-2012,0.26000%
29,16 November-2012,0.26000%
30,15 November-2012,0.26000%
31,14 November-2012,0.26000%
32,13 November-2012,0.26000%
33,12 November-2012,0.26000%
34,9 November-2012,0.26000%
35,8 November-2012,0.27000%
36,7 November-2012,0.27000%
37,6 November-2012,0.27000%
38,5 November-2012,0.28000%
39,2 November-2012,0.28000%
40,1 November-2012,0.28000%
41,31 October-2012,0.28000%
42,30 October-2012,0.28000%
43,29 October-2012,0.29000%
44,26 October-2012,0.30000%
45,25 October-2012,0.30000%
46,24 October-2012,0.30000%
47,22 October-2012,0.30000%
48,19 October-2012,0.30000%
49,18 October-2012,0.30000%
50,17 October-2012,0.30000%
51,16 October-2012,0.30000%
52,15 October-2012,0.30000%
53,12 October-2012,0.30000%
54,11 October-2012,0.30000%
55,10 October-2012,0.30000%
56,9 October-2012,0.30000%
57,8 October-2012,0.30000%
58,5 October-2012,0.30000%
59,4 October-2012,0.30000%
60,3 October-2012,0.30000%
61,28 September-2012,0.30000%
62,27 September-2012,0.30000%
63,26 September-2012,0.30000%
64,25 September-2012,0.30000%
65,24 September-2012,0.30000%
66,21 September-2012,0.30000%
67,20 September-2012,0.30000%
68,19 September-2012,0.30000%
69,18 September-2012,0.30000%
70,17 September-2012,0.30000%
71,14 September-2012,0.30000%
72,13 September-2012,0.30000%
73,12 September-2012,0.30000%
74,11 September-2012,0.30000%
75,10 September-2012,0.30000%
76,7 September-2012,0.30000%
77,6 September-2012,0.30000%
78,5 September-2012,0.30000%
79,4 September-2012,0.30000%
80,3 September-2012,0.30000%
81,31 August-2012,0.30000%
82,30 August-2012,0.30000%
83,29 August-2012,0.30000%
84,28 August-2012,0.30000%
85,27 August-2012,0.30000%
86,24 August-2012,0.30000%
87,23 August-2012,0.30000%
88,22 August-2012,0.30000%
89,21 August-2012,0.30000%
90,20 August-2012,0.30000%
91,17 August-2012,0.30000%
92,16 August-2012,0.30000%
93,15 August-2012,0.30000%
94,14 August-2012,0.30000%
95,13 August-2012,0.30000%
96,10 August-2012,0.30000%
97,9 August-2012,0.30000%
98,8 August-2012,0.30000%
99,7 August-2012,0.30000%
100,6 August-2012,0.30000%
101,3 August-2012,0.30000%
102,2 August-2012,0.30000%
103,1 August-2012,0.30000%
104,31 July-2012,0.30000%
105,30 July-2012,0.30000%
106,27 July-2012,0.30000%
107,26 July-2012,0.30000%
108,25 July-2012,0.30000%
109,24 July-2012,0.30000%
110,23 July-2012,0.30000%
111,20 July-2012,0.30000%
112,19 July-2012,0.30000%
113,18 July-2012,0.30000%
114,17 July-2012,0.30000%
115,16 July-2012,0.30000%
116,13 July-2012,0.30000%
117,12 July-2012,0.30000%
118,11 July-2012,0.30000%
119,10 July-2012,0.30000%
120,9 July-2012,0.30000%
121,6 July-2012,0.30000%
122,5 July-2012,0.30000%
123,4 July-2012,0.30000%
124,3 July-2012,0.30000%
125,29 June-2012,0.30000%
126,28 June-2012,0.30000%
127,27 June-2012,0.30000%
128,26 June-2012,0.30000%
129,25 June-2012,0.30000%
130,22 June-2012,0.30000%
131,21 June-2012,0.30000%
132,20 June-2012,0.30000%
133,19 June-2012,0.30000%
134,18 June-2012,0.30000%
135,15 June-2012,0.30000%
136,14 June-2012,0.30000%
137,13 June-2012,0.30000%
138,12 June-2012,0.30000%
139,11 June-2012,0.30000%
140,8 June-2012,0.30000%
141,7 June-2012,0.30000%
142,6 June-2012,0.30000%
143,4 June-2012,0.30000%
144,1 June-2012,0.30000%
145,31 May-2012,0.30000%
146,30 May-2012,0.30000%
147,29 May-2012,0.30000%
148,28 May-2012,0.30000%
149,25 May-2012,0.30000%
150,24 May-2012,0.30000%
151,23 May-2012,0.30000%
152,22 May-2012,0.30000%
153,21 May-2012,0.30000%
154,18 May-2012,0.30000%
155,17 May-2012,0.30000%
156,16 May-2012,0.30000%
157,15 May-2012,0.30000%
158,14 May-2012,0.30000%
159,11 May-2012,0.30000%
160,10 May-2012,0.30000%
161,9 May-2012,0.30000%
162,8 May-2012,0.30000%
163,7 May-2012,0.30000%
164,4 May-2012,0.30000%
165,3 May-2012,0.30000%
166,2 May-2012,0.30000%
167,30 April-2012,0.30000%
168,27 April-2012,0.30000%
169,26 April-2012,0.30000%
170,25 April-2012,0.30000%
171,24 April-2012,0.30000%
172,23 April-2012,0.30000%
173,20 April-2012,0.30000%
174,19 April-2012,0.30000%
175,18 April-2012,0.30000%
176,17 April-2012,0.30000%
177,16 April-2012,0.30000%
178,13 April-2012,0.30000%
179,12 April-2012,0.30000%
180,11 April-2012,0.30000%
181,10 April-2012,0.30000%
182,5 April-2012,0.30000%
183,3 April-2012,0.30000%
184,2 April-2012,0.30000%
185,30 March-2012,0.30000%
186,29 March-2012,0.30000%
187,28 March-2012,0.30000%
188,27 March-2012,0.30000%
189,26 March-2012,0.30000%
190,23 March-2012,0.30000%
191,22 March-2012,0.30000%
192,21 March-2012,0.30000%
193,20 March-2012,0.30000%
194,19 March-2012,0.30000%
195,16 March-2012,0.30000%
196,15 March-2012,0.30000%
197,14 March-2012,0.30000%
198,13 March-2012,0.30000%
199,12 March-2012,0.30000%
200,9 March-2012,0.30000%
201,8 March-2012,0.30000%
202,7 March-2012,0.30000%
203,6 March-2012,0.30000%
204,5 March-2012,0.30000%
205,2 March-2012,0.30000%
206,1 March-2012,0.30000%
207,29 February-2012,0.30000%
208,28 February-2012,0.30000%
209,27 February-2012,0.30000%
210,24 February-2012,0.30000%
211,23 February-2012,0.30000%
212,22 February-2012,0.30000%
213,21 February-2012,0.31000%
214,20 February-2012,0.31000%
215,17 February-2012,0.32000%
216,16 February-2012,0.32000%
217,15 February-2012,0.32000%
218,14 February-2012,0.32000%
219,13 February-2012,0.32000%
220,10 February-2012,0.33000%
221,9 February-2012,0.34000%
222,8 February-2012,0.34000%
223,7 February-2012,0.34000%
224,6 February-2012,0.34000%
225,3 February-2012,0.34000%
226,2 February-2012,0.34000%
227,1 February-2012,0.34000%
228,31 January-2012,0.34000%
229,30 January-2012,0.34000%
230,27 January-2012,0.34000%
231,26 January-2012,0.34000%
232,20 January-2012,0.34000%
233,19 January-2012,0.34000%
234,18 January-2012,0.34000%
235,17 January-2012,0.34000%
236,16 January-2012,0.34000%
237,13 January-2012,0.34000%
238,12 January-2012,0.34000%
239,11 January-2012,0.34000%
240,10 January-2012,0.34000%
241,9 January-2012,0.34000%
242,6 January-2012,0.34000%
243,5 January-2012,0.34000%
244,4 January-2012,0.32000%
245,3 January-2012,0.32000%
0,30 December-2011,0.32000%
1,29 December-2011,0.32000%
2,28 December-2011,0.31000%
3,23 December-2011,0.30000%
4,22 December-2011,0.30000%
5,21 December-2011,0.30000%
6,20 December-2011,0.30000%
7,19 December-2011,0.29000%
8,16 December-2011,0.29000%
9,15 December-2011,0.28000%
10,14 December-2011,0.27000%
11,13 December-2011,0.27000%
12,12 December-2011,0.27000%
13,9 December-2011,0.27000%
14,8 December-2011,0.27000%
15,7 December-2011,0.26000%
16,6 December-2011,0.25000%
17,5 December-2011,0.25000%
18,2 December-2011,0.24000%
19,1 December-2011,0.24000%
20,30 November-2011,0.23000%
21,29 November-2011,0.22000%
22,28 November-2011,0.21000%
23,25 November-2011,0.21000%
24,24 November-2011,0.21000%
25,23 November-2011,0.21000%
26,22 November-2011,0.21000%
27,21 November-2011,0.21000%
28,18 November-2011,0.21000%
29,17 November-2011,0.21000%
30,16 November-2011,0.21000%
31,15 November-2011,0.21000%
32,14 November-2011,0.21000%
33,11 November-2011,0.21000%
34,10 November-2011,0.21000%
35,9 November-2011,0.21000%
36,8 November-2011,0.21000%
37,7 November-2011,0.21000%
38,4 November-2011,0.21000%
39,3 November-2011,0.21000%
40,2 November-2011,0.21000%
41,1 November-2011,0.21000%
42,31 October-2011,0.20000%
43,28 October-2011,0.20000%
44,27 October-2011,0.20000%
45,26 October-2011,0.20000%
46,25 October-2011,0.20000%
47,24 October-2011,0.20000%
48,21 October-2011,0.20000%
49,20 October-2011,0.20000%
50,19 October-2011,0.20000%
51,18 October-2011,0.20000%
52,17 October-2011,0.20000%
53,14 October-2011,0.20000%
54,13 October-2011,0.20000%
55,12 October-2011,0.20000%
56,11 October-2011,0.20000%
57,10 October-2011,0.20000%
58,7 October-2011,0.20000%
59,6 October-2011,0.20000%
60,4 October-2011,0.20000%
61,3 October-2011,0.20000%
62,30 September-2011,0.20000%
63,28 September-2011,0.20000%
64,27 September-2011,0.20000%
65,26 September-2011,0.20000%
66,23 September-2011,0.20000%
67,22 September-2011,0.20000%
68,21 September-2011,0.20000%
69,20 September-2011,0.20000%
70,19 September-2011,0.20000%
71,16 September-2011,0.20000%
72,15 September-2011,0.20000%
73,14 September-2011,0.20000%
74,12 September-2011,0.20000%
75,9 September-2011,0.20000%
76,8 September-2011,0.20000%
77,7 September-2011,0.20000%
78,6 September-2011,0.20000%
79,5 September-2011,0.20000%
80,2 September-2011,0.20000%
81,1 September-2011,0.20000%
82,31 August-2011,0.20000%
83,30 August-2011,0.20000%
84,29 August-2011,0.20000%
85,26 August-2011,0.20000%
86,25 August-2011,0.20000%
87,24 August-2011,0.20000%
88,23 August-2011,0.20000%
89,22 August-2011,0.20000%
90,19 August-2011,0.20000%
91,18 August-2011,0.20000%
92,17 August-2011,0.20000%
93,16 August-2011,0.20000%
94,15 August-2011,0.20000%
95,12 August-2011,0.21000%
96,11 August-2011,0.21000%
97,10 August-2011,0.21000%
98,9 August-2011,0.21000%
99,8 August-2011,0.21000%
100,5 August-2011,0.19000%
101,4 August-2011,0.19000%
102,3 August-2011,0.19000%
103,2 August-2011,0.19000%
104,1 August-2011,0.19000%
105,29 July-2011,0.19000%
106,28 July-2011,0.19000%
107,27 July-2011,0.19000%
108,26 July-2011,0.19000%
109,25 July-2011,0.19000%
110,22 July-2011,0.19000%
111,21 July-2011,0.19000%
112,20 July-2011,0.19000%
113,19 July-2011,0.19000%
114,18 July-2011,0.19000%
115,15 July-2011,0.19000%
116,14 July-2011,0.19000%
117,13 July-2011,0.19000%
118,12 July-2011,0.19000%
119,11 July-2011,0.19000%
120,8 July-2011,0.19000%
121,7 July-2011,0.19000%
122,6 July-2011,0.19000%
123,5 July-2011,0.19000%
124,4 July-2011,0.19000%
125,30 June-2011,0.19000%
126,29 June-2011,0.19000%
127,28 June-2011,0.19000%
128,27 June-2011,0.19000%
129,24 June-2011,0.19000%
130,23 June-2011,0.19000%
131,22 June-2011,0.19000%
132,21 June-2011,0.20000%
133,20 June-2011,0.20000%
134,17 June-2011,0.20000%
135,16 June-2011,0.20000%
136,15 June-2011,0.20000%
137,14 June-2011,0.20000%
138,13 June-2011,0.20000%
139,10 June-2011,0.20000%
140,9 June-2011,0.20000%
141,8 June-2011,0.20000%
142,7 June-2011,0.20000%
143,3 June-2011,0.20000%
144,2 June-2011,0.20000%
145,1 June-2011,0.19000%
146,31 May-2011,0.19000%
147,30 May-2011,0.18000%
148,27 May-2011,0.18000%
149,26 May-2011,0.18000%
150,25 May-2011,0.18000%
151,24 May-2011,0.18000%
152,23 May-2011,0.18000%
153,20 May-2011,0.18000%
154,19 May-2011,0.18000%
155,18 May-2011,0.18000%
156,17 May-2011,0.19000%
157,16 May-2011,0.18000%
158,13 May-2011,0.18000%
159,12 May-2011,0.18000%
160,11 May-2011,0.18000%
161,9 May-2011,0.18000%
162,6 May-2011,0.18000%
163,5 May-2011,0.18000%
164,4 May-2011,0.18000%
165,3 May-2011,0.18000%
166,29 April-2011,0.18000%
167,28 April-2011,0.18000%
168,27 April-2011,0.17000%
169,26 April-2011,0.18000%
170,21 April-2011,0.19000%
171,20 April-2011,0.19000%
172,19 April-2011,0.19000%
173,18 April-2011,0.19000%
174,15 April-2011,0.19000%
175,14 April-2011,0.19000%
176,13 April-2011,0.19000%
177,12 April-2011,0.19000%
178,11 April-2011,0.19000%
179,8 April-2011,0.19000%
180,7 April-2011,0.19000%
181,6 April-2011,0.20000%
182,4 April-2011,0.20000%
183,1 April-2011,0.20000%
184,31 March-2011,0.20000%
185,30 March-2011,0.20000%
186,29 March-2011,0.20000%
187,28 March-2011,0.20000%
188,25 March-2011,0.20000%
189,24 March-2011,0.20000%
190,23 March-2011,0.20000%
191,22 March-2011,0.20000%
192,21 March-2011,0.20000%
193,18 March-2011,0.20000%
194,17 March-2011,0.20000%
195,16 March-2011,0.21000%
196,15 March-2011,0.23000%
197,14 March-2011,0.22000%
198,11 March-2011,0.19000%
199,10 March-2011,0.18000%
200,9 March-2011,0.18000%
201,8 March-2011,0.16000%
202,7 March-2011,0.16000%
203,4 March-2011,0.16000%
204,3 March-2011,0.15000%
205,2 March-2011,0.15000%
206,1 March-2011,0.15000%
207,28 February-2011,0.14000%
208,25 February-2011,0.14000%
209,24 February-2011,0.14000%
210,23 February-2011,0.14000%
211,22 February-2011,0.14000%
212,21 February-2011,0.14000%
213,18 February-2011,0.14000%
214,17 February-2011,0.14000%
215,16 February-2011,0.15000%
216,15 February-2011,0.15000%
217,14 February-2011,0.14000%
218,11 February-2011,0.13000%
219,10 February-2011,0.12000%
220,9 February-2011,0.12000%
221,8 February-2011,0.11000%
222,7 February-2011,0.11000%
223,2 February-2011,0.11000%
224,1 February-2011,0.11000%
225,31 January-2011,0.11000%
226,28 January-2011,0.11000%
227,27 January-2011,0.13500%
228,26 January-2011,0.14000%
229,25 January-2011,0.14500%
230,24 January-2011,0.14500%
231,21 January-2011,0.14500%
232,20 January-2011,0.14500%
233,19 January-2011,0.15000%
234,18 January-2011,0.15000%
235,17 January-2011,0.15000%
236,14 January-2011,0.15000%
237,13 January-2011,0.15000%
238,12 January-2011,0.16000%
239,11 January-2011,0.16000%
240,10 January-2011,0.16000%
241,7 January-2011,0.17000%
242,6 January-2011,0.17000%
243,5 January-2011,0.18000%
244,4 January-2011,0.17000%
245,3 January-2011,0.19000%
0,31 December-2015,0.19000%
1,30 December-2015,0.19000%
2,29 December-2015,0.19000%
3,28 December-2015,0.19000%
4,24 December-2015,0.19000%
5,23 December-2015,0.19000%
6,22 December-2015,0.19000%
7,21 December-2015,0.19000%
8,18 December-2015,0.19000%
9,17 December-2015,0.19000%
10,16 December-2015,0.19000%
11,15 December-2015,0.19000%
12,14 December-2015,0.19000%
13,11 December-2015,0.19000%
14,10 December-2015,0.19000%
15,9 December-2015,0.19000%
16,8 December-2015,0.19000%
17,7 December-2015,0.19000%
18,4 December-2015,0.19000%
19,3 December-2015,0.19000%
20,2 December-2015,0.19000%
21,1 December-2015,0.19000%
22,30 November-2015,0.19000%
23,27 November-2015,0.19000%
24,26 November-2015,0.19000%
25,25 November-2015,0.19000%
26,24 November-2015,0.19000%
27,23 November-2015,0.19000%
28,20 November-2015,0.19000%
29,19 November-2015,0.19000%
30,18 November-2015,0.19000%
31,17 November-2015,0.19000%
32,16 November-2015,0.19000%
33,13 November-2015,0.20000%
34,12 November-2015,0.20000%
35,11 November-2015,0.20000%
36,10 November-2015,0.20000%
37,9 November-2015,0.21000%
38,6 November-2015,0.21000%
39,5 November-2015,0.21000%
40,4 November-2015,0.21000%
41,3 November-2015,0.21000%
42,2 November-2015,0.21000%
43,30 October-2015,0.21000%
44,29 October-2015,0.21000%
45,28 October-2015,0.21000%
46,27 October-2015,0.21000%
47,26 October-2015,0.21000%
48,23 October-2015,0.21000%
49,22 October-2015,0.21000%
50,20 October-2015,0.21000%
51,19 October-2015,0.21000%
52,16 October-2015,0.21000%
53,15 October-2015,0.21000%
54,14 October-2015,0.21000%
55,13 October-2015,0.21000%
56,12 October-2015,0.21000%
57,9 October-2015,0.21000%
58,8 October-2015,0.21000%
59,7 October-2015,0.21000%
60,6 October-2015,0.21000%
61,5 October-2015,0.21000%
62,2 October-2015,0.21000%
63,30 September-2015,0.21000%
64,29 September-2015,0.21000%
65,25 September-2015,0.21000%
66,24 September-2015,0.21000%
67,23 September-2015,0.21000%
68,22 September-2015,0.21000%
69,21 September-2015,0.21000%
70,18 September-2015,0.21000%
71,17 September-2015,0.21000%
72,16 September-2015,0.21000%
73,15 September-2015,0.21000%
74,14 September-2015,0.21000%
75,11 September-2015,0.21000%
76,10 September-2015,0.21000%
77,9 September-2015,0.21000%
78,8 September-2015,0.21000%
79,7 September-2015,0.21000%
80,4 September-2015,0.21000%
81,3 September-2015,0.21000%
82,2 September-2015,0.21000%
83,1 September-2015,0.21000%
84,31 August-2015,0.21000%
85,28 August-2015,0.21000%
86,27 August-2015,0.21000%
87,26 August-2015,0.21000%
88,25 August-2015,0.21000%
89,24 August-2015,0.21000%
90,21 August-2015,0.21000%
91,20 August-2015,0.21000%
92,19 August-2015,0.21000%
93,18 August-2015,0.21000%
94,17 August-2015,0.21000%
95,14 August-2015,0.21000%
96,13 August-2015,0.21000%
97,12 August-2015,0.21000%
98,11 August-2015,0.21000%
99,10 August-2015,0.21000%
100,7 August-2015,0.21000%
101,6 August-2015,0.21000%
102,5 August-2015,0.21000%
103,4 August-2015,0.21000%
104,3 August-2015,0.21000%
105,31 July-2015,0.21000%
106,30 July-2015,0.21000%
107,29 July-2015,0.21000%
108,28 July-2015,0.21000%
109,27 July-2015,0.21000%
110,24 July-2015,0.21000%
111,23 July-2015,0.21000%
112,22 July-2015,0.21000%
113,21 July-2015,0.21000%
114,20 July-2015,0.21000%
115,17 July-2015,0.21000%
116,16 July-2015,0.21000%
117,15 July-2015,0.21000%
118,14 July-2015,0.21000%
119,13 July-2015,0.21000%
120,10 July-2015,0.21000%
121,9 July-2015,0.21000%
122,8 July-2015,0.21000%
123,7 July-2015,0.21000%
124,6 July-2015,0.21000%
125,3 July-2015,0.21000%
126,2 July-2015,0.21000%
127,30 June-2015,0.21000%
128,29 June-2015,0.21000%
129,26 June-2015,0.21000%
130,25 June-2015,0.21000%
131,24 June-2015,0.21000%
132,23 June-2015,0.21000%
133,22 June-2015,0.21000%
134,19 June-2015,0.21000%
135,18 June-2015,0.21000%
136,17 June-2015,0.21000%
137,16 June-2015,0.21000%
138,15 June-2015,0.21000%
139,12 June-2015,0.21000%
140,11 June-2015,0.21000%
141,10 June-2015,0.21000%
142,9 June-2015,0.21000%
143,8 June-2015,0.21000%
144,5 June-2015,0.21000%
145,4 June-2015,0.21000%
146,3 June-2015,0.21000%
147,2 June-2015,0.21000%
148,1 June-2015,0.21000%
149,29 May-2015,0.21000%
150,28 May-2015,0.21000%
151,27 May-2015,0.21000%
152,26 May-2015,0.21000%
153,22 May-2015,0.21000%
154,21 May-2015,0.21000%
155,20 May-2015,0.21000%
156,19 May-2015,0.21000%
157,18 May-2015,0.21000%
158,15 May-2015,0.21000%
159,14 May-2015,0.21000%
160,13 May-2015,0.21000%
161,12 May-2015,0.21000%
162,11 May-2015,0.21000%
163,8 May-2015,0.21000%
164,7 May-2015,0.21000%
165,6 May-2015,0.21000%
166,5 May-2015,0.21000%
167,4 May-2015,0.21000%
168,30 April-2015,0.21000%
169,29 April-2015,0.21000%
170,28 April-2015,0.21000%
171,27 April-2015,0.21000%
172,24 April-2015,0.21000%
173,23 April-2015,0.21000%
174,22 April-2015,0.21000%
175,21 April-2015,0.21000%
176,20 April-2015,0.21000%
177,17 April-2015,0.21000%
178,16 April-2015,0.21000%
179,15 April-2015,0.21000%
180,14 April-2015,0.21000%
181,13 April-2015,0.21000%
182,10 April-2015,0.21000%
183,9 April-2015,0.21000%
184,8 April-2015,0.21000%
185,2 April-2015,0.21000%
186,1 April-2015,0.21000%
187,31 March-2015,0.21000%
188,30 March-2015,0.21000%
189,27 March-2015,0.21000%
190,26 March-2015,0.21000%
191,25 March-2015,0.21000%
192,24 March-2015,0.21000%
193,23 March-2015,0.21000%
194,20 March-2015,0.21000%
195,19 March-2015,0.21000%
196,18 March-2015,0.21000%
197,17 March-2015,0.21000%
198,16 March-2015,0.21000%
199,13 March-2015,0.21000%
200,12 March-2015,0.21000%
201,11 March-2015,0.21000%
202,10 March-2015,0.21000%
203,9 March-2015,0.21000%
204,6 March-2015,0.21000%
205,5 March-2015,0.21000%
206,4 March-2015,0.21000%
207,3 March-2015,0.21000%
208,2 March-2015,0.21000%
209,27 February-2015,0.21000%
210,26 February-2015,0.21000%
211,25 February-2015,0.21000%
212,24 February-2015,0.21000%
213,23 February-2015,0.21000%
214,18 February-2015,0.21000%
215,17 February-2015,0.21000%
216,16 February-2015,0.21000%
217,13 February-2015,0.21000%
218,12 February-2015,0.21000%
219,11 February-2015,0.21000%
220,10 February-2015,0.21000%
221,9 February-2015,0.21000%
222,6 February-2015,0.21000%
223,5 February-2015,0.21000%
224,4 February-2015,0.21000%
225,3 February-2015,0.21000%
226,2 February-2015,0.21000%
227,30 January-2015,0.21000%
228,29 January-2015,0.21000%
229,28 January-2015,0.21000%
230,27 January-2015,0.21000%
231,26 January-2015,0.21000%
232,23 January-2015,0.21000%
233,22 January-2015,0.21000%
234,21 January-2015,0.21000%
235,20 January-2015,0.21000%
236,19 January-2015,0.21000%
237,16 January-2015,0.21000%
238,15 January-2015,0.21000%
239,14 January-2015,0.21000%
240,13 January-2015,0.21000%
241,12 January-2015,0.21000%
242,9 January-2015,0.21000%
243,8 January-2015,0.21000%
244,7 January-2015,0.21000%
245,6 January-2015,0.21000%
246,5 January-2015,0.21000%
247,2 January-2015,0.21000%
0,31 December-2013,0.20000%
1,30 December-2013,0.20000%
2,27 December-2013,0.20000%
3,24 December-2013,0.20000%
4,23 December-2013,0.20000%
5,20 December-2013,0.20000%
6,19 December-2013,0.20000%
7,18 December-2013,0.20000%
8,17 December-2013,0.20000%
9,16 December-2013,0.20000%
10,13 December-2013,0.20000%
11,12 December-2013,0.20000%
12,11 December-2013,0.20000%
13,10 December-2013,0.20000%
14,9 December-2013,0.20000%
15,6 December-2013,0.20000%
16,5 December-2013,0.20000%
17,4 December-2013,0.20000%
18,3 December-2013,0.20000%
19,2 December-2013,0.20000%
20,29 November-2013,0.20000%
21,28 November-2013,0.20000%
22,27 November-2013,0.20000%
23,26 November-2013,0.20000%
24,25 November-2013,0.20000%
25,22 November-2013,0.20000%
26,21 November-2013,0.20000%
27,20 November-2013,0.20000%
28,19 November-2013,0.20000%
29,18 November-2013,0.20000%
30,15 November-2013,0.20000%
31,14 November-2013,0.20000%
32,13 November-2013,0.20000%
33,12 November-2013,0.20000%
34,11 November-2013,0.20000%
35,8 November-2013,0.20000%
36,7 November-2013,0.20000%
37,6 November-2013,0.20000%
38,5 November-2013,0.20000%
39,4 November-2013,0.20000%
40,1 November-2013,0.20000%
41,31 October-2013,0.20000%
42,30 October-2013,0.20000%
43,29 October-2013,0.20000%
44,28 October-2013,0.20000%
45,25 October-2013,0.20000%
46,24 October-2013,0.20000%
47,23 October-2013,0.20000%
48,22 October-2013,0.20000%
49,21 October-2013,0.20000%
50,18 October-2013,0.20000%
51,17 October-2013,0.20000%
52,16 October-2013,0.20000%
53,15 October-2013,0.20000%
54,11 October-2013,0.20000%
55,10 October-2013,0.20000%
56,9 October-2013,0.20000%
57,8 October-2013,0.20000%
58,7 October-2013,0.20000%
59,4 October-2013,0.20000%
60,3 October-2013,0.20000%
61,2 October-2013,0.20000%
62,30 September-2013,0.20000%
63,27 September-2013,0.20000%
64,26 September-2013,0.20000%
65,25 September-2013,0.20000%
66,24 September-2013,0.20000%
67,19 September-2013,0.20000%
68,18 September-2013,0.20000%
69,17 September-2013,0.20000%
70,16 September-2013,0.20000%
71,13 September-2013,0.20000%
72,12 September-2013,0.20000%
73,11 September-2013,0.20000%
74,10 September-2013,0.20000%
75,9 September-2013,0.20000%
76,6 September-2013,0.20000%
77,5 September-2013,0.20000%
78,4 September-2013,0.20000%
79,3 September-2013,0.20000%
80,2 September-2013,0.20000%
81,30 August-2013,0.20000%
82,29 August-2013,0.20000%
83,28 August-2013,0.20000%
84,27 August-2013,0.20000%
85,26 August-2013,0.20000%
86,23 August-2013,0.20000%
87,22 August-2013,0.20000%
88,21 August-2013,0.20000%
89,20 August-2013,0.20000%
90,19 August-2013,0.20000%
91,16 August-2013,0.20000%
92,15 August-2013,0.20000%
93,13 August-2013,0.20000%
94,12 August-2013,0.20000%
95,9 August-2013,0.20000%
96,8 August-2013,0.20000%
97,7 August-2013,0.20000%
98,6 August-2013,0.20000%
99,3 August-2013,0.20000%
100,2 August-2013,0.20000%
101,1 August-2013,0.20000%
102,31 July-2013,0.20000%
103,30 July-2013,0.20000%
104,29 July-2013,0.20000%
105,26 July-2013,0.20000%
106,25 July-2013,0.20000%
107,24 July-2013,0.20000%
108,23 July-2013,0.20000%
109,22 July-2013,0.20000%
110,19 July-2013,0.20000%
111,18 July-2013,0.20000%
112,17 July-2013,0.20000%
113,16 July-2013,0.20000%
114,15 July-2013,0.20000%
115,12 July-2013,0.20000%
116,11 July-2013,0.20000%
117,10 July-2013,0.20000%
118,9 July-2013,0.20000%
119,8 July-2013,0.20000%
120,5 July-2013,0.20000%
121,4 July-2013,0.20000%
122,3 July-2013,0.20000%
123,2 July-2013,0.20000%
124,28 June-2013,0.20000%
125,27 June-2013,0.20000%
126,26 June-2013,0.20000%
127,25 June-2013,0.20000%
128,24 June-2013,0.20000%
129,21 June-2013,0.20000%
130,20 June-2013,0.20000%
131,19 June-2013,0.20000%
132,18 June-2013,0.20000%
133,17 June-2013,0.20000%
134,14 June-2013,0.20000%
135,13 June-2013,0.20000%
136,11 June-2013,0.20000%
137,10 June-2013,0.20000%
138,7 June-2013,0.20000%
139,6 June-2013,0.20000%
140,5 June-2013,0.20000%
141,4 June-2013,0.20000%
142,3 June-2013,0.20000%
143,31 May-2013,0.20000%
144,30 May-2013,0.20000%
145,29 May-2013,0.20000%
146,28 May-2013,0.20000%
147,27 May-2013,0.20000%
148,24 May-2013,0.20000%
149,23 May-2013,0.20000%
150,21 May-2013,0.20000%
151,20 May-2013,0.20000%
152,16 May-2013,0.20000%
153,15 May-2013,0.20000%
154,14 May-2013,0.20000%
155,13 May-2013,0.20000%
156,10 May-2013,0.20000%
157,9 May-2013,0.20000%
158,8 May-2013,0.20000%
159,7 May-2013,0.20000%
160,6 May-2013,0.20000%
161,3 May-2013,0.20000%
162,2 May-2013,0.20000%
163,30 April-2013,0.20000%
164,29 April-2013,0.20000%
165,26 April-2013,0.20000%
166,25 April-2013,0.20000%
167,24 April-2013,0.20000%
168,23 April-2013,0.20000%
169,22 April-2013,0.20000%
170,19 April-2013,0.18000%
171,18 April-2013,0.20000%
172,17 April-2013,0.20000%
173,16 April-2013,0.20000%
174,15 April-2013,0.20000%
175,12 April-2013,0.20000%
176,11 April-2013,0.20000%
177,10 April-2013,0.20000%
178,9 April-2013,0.20000%
179,8 April-2013,0.20000%
180,5 April-2013,0.20000%
181,3 April-2013,0.20000%
182,2 April-2013,0.20000%
183,28 March-2013,0.20000%
184,27 March-2013,0.20000%
185,26 March-2013,0.20000%
186,25 March-2013,0.20000%
187,22 March-2013,0.20000%
188,21 March-2013,0.20000%
189,20 March-2013,0.20000%
190,19 March-2013,0.20000%
191,18 March-2013,0.20000%
192,15 March-2013,0.20000%
193,14 March-2013,0.20000%
194,13 March-2013,0.21000%
195,12 March-2013,0.21000%
196,11 March-2013,0.21000%
197,8 March-2013,0.21000%
198,7 March-2013,0.21000%
199,6 March-2013,0.21000%
200,5 March-2013,0.21000%
201,4 March-2013,0.21000%
202,1 March-2013,0.21000%
203,28 February-2013,0.21000%
204,27 February-2013,0.21000%
205,26 February-2013,0.21000%
206,25 February-2013,0.22000%
207,22 February-2013,0.22000%
208,21 February-2013,0.22000%
209,20 February-2013,0.22000%
210,19 February-2013,0.22000%
211,18 February-2013,0.22000%
212,15 February-2013,0.22000%
213,14 February-2013,0.22000%
214,8 February-2013,0.22000%
215,7 February-2013,0.22000%
216,6 February-2013,0.22000%
217,5 February-2013,0.22000%
218,4 February-2013,0.22000%
219,1 February-2013,0.22000%
220,31 January-2013,0.22000%
221,30 January-2013,0.22000%
222,29 January-2013,0.22000%
223,28 January-2013,0.22000%
224,24 January-2013,0.24000%
225,23 January-2013,0.24000%
226,22 January-2013,0.24000%
227,21 January-2013,0.24000%
228,18 January-2013,0.24000%
229,17 January-2013,0.24000%
230,16 January-2013,0.24000%
231,15 January-2013,0.24000%
232,14 January-2013,0.24000%
233,11 January-2013,0.24000%
234,10 January-2013,0.24000%
235,9 January-2013,0.24000%
236,8 January-2013,0.24000%
237,7 January-2013,0.24000%
238,4 January-2013,0.26000%
239,3 January-2013,0.26000%
240,2 January-2013,0.26000%
0,29 December-2017,1.16000%
1,28 December-2017,1.16000%
2,27 December-2017,1.15000%
3,22 December-2017,1.14000%
4,21 December-2017,1.11000%
5,20 December-2017,1.10000%
6,19 December-2017,1.08000%
7,18 December-2017,1.08000%
8,15 December-2017,1.08000%
9,14 December-2017,1.06000%
10,13 December-2017,1.04000%
11,12 December-2017,1.02000%
12,11 December-2017,1.02000%
13,8 December-2017,1.02000%
14,7 December-2017,1.02000%
15,6 December-2017,1.00000%
16,5 December-2017,0.99000%
17,4 December-2017,0.99000%
18,1 December-2017,0.98000%
19,30 November-2017,0.97000%
20,29 November-2017,0.97000%
21,28 November-2017,0.95000%
22,27 November-2017,0.85000%
23,24 November-2017,0.80000%
24,23 November-2017,0.71000%
25,22 November-2017,0.70000%
26,21 November-2017,0.71000%
27,20 November-2017,0.72000%
28,17 November-2017,0.74000%
29,16 November-2017,0.75000%
30,15 November-2017,0.78000%
31,14 November-2017,0.78000%
32,13 November-2017,0.79000%
33,10 November-2017,0.81000%
34,9 November-2017,0.79000%
35,8 November-2017,0.79000%
36,7 November-2017,0.79000%
37,6 November-2017,0.78000%
38,3 November-2017,0.78000%
39,2 November-2017,0.78000%
40,1 November-2017,0.76000%
41,31 October-2017,0.74000%
42,30 October-2017,0.71000%
43,27 October-2017,0.69000%
44,26 October-2017,0.68000%
45,25 October-2017,0.65000%
46,24 October-2017,0.62000%
47,23 October-2017,0.59000%
48,20 October-2017,0.57000%
49,19 October-2017,0.53000%
50,18 October-2017,0.49000%
51,17 October-2017,0.48000%
52,16 October-2017,0.46000%
53,13 October-2017,0.46000%
54,12 October-2017,0.47000%
55,11 October-2017,0.48000%
56,10 October-2017,0.49000%
57,9 October-2017,0.49000%
58,6 October-2017,0.49000%
59,4 October-2017,0.50000%
60,3 October-2017,0.56000%
61,29 September-2017,0.56000%
62,28 September-2017,0.55000%
63,27 September-2017,0.51500%
64,26 September-2017,0.48500%
65,25 September-2017,0.47500%
66,22 September-2017,0.48000%
67,21 September-2017,0.48000%
68,20 September-2017,0.46000%
69,19 September-2017,0.44000%
70,18 September-2017,0.38500%
71,15 September-2017,0.38500%
72,14 September-2017,0.38500%
73,13 September-2017,0.38500%
74,12 September-2017,0.38500%
75,11 September-2017,0.38500%
76,8 September-2017,0.38500%
77,7 September-2017,0.38500%
78,6 September-2017,0.38500%
79,5 September-2017,0.38500%
80,4 September-2017,0.38500%
81,1 September-2017,0.38500%
82,31 August-2017,0.38500%
83,30 August-2017,0.38500%
84,29 August-2017,0.38500%
85,28 August-2017,0.38500%
86,25 August-2017,0.38500%
87,24 August-2017,0.38500%
88,22 August-2017,0.38500%
89,21 August-2017,0.39000%
90,18 August-2017,0.39000%
91,17 August-2017,0.39000%
92,16 August-2017,0.39000%
93,15 August-2017,0.39000%
94,14 August-2017,0.40000%
95,11 August-2017,0.40000%
96,10 August-2017,0.40000%
97,9 August-2017,0.39000%
98,8 August-2017,0.39000%
99,7 August-2017,0.40000%
100,4 August-2017,0.40000%
101,3 August-2017,0.40000%
102,2 August-2017,0.40500%
103,1 August-2017,0.41500%
104,31 July-2017,0.42500%
105,29 July-2017,0.40500%
106,28 July-2017,0.40500%
107,27 July-2017,0.40500%
108,26 July-2017,0.40500%
109,25 July-2017,0.40500%
110,24 July-2017,0.41000%
111,21 July-2017,0.40500%
112,20 July-2017,0.41000%
113,19 July-2017,0.41000%
114,18 July-2017,0.41000%
115,17 July-2017,0.42000%
116,14 July-2017,0.42000%
117,13 July-2017,0.42000%
118,12 July-2017,0.42000%
119,11 July-2017,0.42000%
120,10 July-2017,0.42000%
121,7 July-2017,0.42000%
122,6 July-2017,0.42000%
123,5 July-2017,0.42000%
124,4 July-2017,0.42000%
125,3 July-2017,0.42500%
126,30 June-2017,0.42500%
127,29 June-2017,0.42000%
128,28 June-2017,0.41000%
129,27 June-2017,0.41000%
130,26 June-2017,0.41000%
131,23 June-2017,0.41000%
132,22 June-2017,0.41000%
133,21 June-2017,0.41000%
134,20 June-2017,0.40000%
135,19 June-2017,0.38000%
136,16 June-2017,0.36000%
137,15 June-2017,0.34000%
138,14 June-2017,0.32000%
139,13 June-2017,0.32000%
140,12 June-2017,0.32000%
141,9 June-2017,0.32000%
142,8 June-2017,0.32000%
143,7 June-2017,0.32000%
144,6 June-2017,0.32000%
145,5 June-2017,0.32000%
146,2 June-2017,0.32000%
147,1 June-2017,0.33000%
148,31 May-2017,0.33000%
149,29 May-2017,0.33000%
150,26 May-2017,0.33000%
151,25 May-2017,0.33000%
152,24 May-2017,0.33000%
153,23 May-2017,0.33000%
154,22 May-2017,0.34000%
155,19 May-2017,0.35500%
156,18 May-2017,0.35500%
157,17 May-2017,0.35500%
158,16 May-2017,0.35500%
159,15 May-2017,0.35500%
160,12 May-2017,0.35500%
161,11 May-2017,0.36000%
162,10 May-2017,0.37000%
163,9 May-2017,0.37000%
164,8 May-2017,0.37000%
165,5 May-2017,0.37000%
166,4 May-2017,0.37000%
167,2 May-2017,0.37000%
168,28 April-2017,0.37000%
169,27 April-2017,0.37000%
170,26 April-2017,0.37000%
171,25 April-2017,0.38000%
172,24 April-2017,0.38000%
173,21 April-2017,0.39000%
174,20 April-2017,0.40000%
175,19 April-2017,0.40000%
176,18 April-2017,0.41000%
177,13 April-2017,0.41000%
178,12 April-2017,0.41000%
179,11 April-2017,0.41000%
180,10 April-2017,0.42000%
181,7 April-2017,0.42000%
182,6 April-2017,0.42000%
183,5 April-2017,0.42500%
184,3 April-2017,0.43500%
185,31 March-2017,0.43500%
186,30 March-2017,0.43500%
187,29 March-2017,0.43500%
188,28 March-2017,0.43500%
189,27 March-2017,0.43500%
190,24 March-2017,0.43500%
191,23 March-2017,0.43500%
192,22 March-2017,0.43500%
193,21 March-2017,0.43500%
194,20 March-2017,0.43500%
195,17 March-2017,0.43500%
196,16 March-2017,0.43500%
197,15 March-2017,0.43500%
198,14 March-2017,0.43500%
199,13 March-2017,0.43500%
200,10 March-2017,0.44500%
201,9 March-2017,0.44500%
202,8 March-2017,0.46000%
203,7 March-2017,0.46000%
204,6 March-2017,0.46000%
205,3 March-2017,0.46000%
206,2 March-2017,0.46000%
207,1 March-2017,0.46000%
208,28 February-2017,0.46000%
209,27 February-2017,0.47500%
210,24 February-2017,0.47500%
211,23 February-2017,0.47500%
212,22 February-2017,0.47500%
213,21 February-2017,0.47500%
214,20 February-2017,0.48500%
215,17 February-2017,0.48500%
216,16 February-2017,0.49000%
217,15 February-2017,0.51000%
218,14 February-2017,0.51000%
219,13 February-2017,0.51000%
220,10 February-2017,0.51500%
221,9 February-2017,0.53500%
222,8 February-2017,0.54500%
223,7 February-2017,0.55000%
224,6 February-2017,0.56000%
225,3 February-2017,0.56000%
226,2 February-2017,0.57000%
227,1 February-2017,0.58000%
228,27 January-2017,0.58000%
229,26 January-2017,0.58000%
230,25 January-2017,0.58000%
231,24 January-2017,0.58000%
232,23 January-2017,0.59000%
233,20 January-2017,0.59000%
234,19 January-2017,0.60000%
235,18 January-2017,0.61000%
236,17 January-2017,0.62000%
237,16 January-2017,0.62500%
238,13 January-2017,0.63000%
239,12 January-2017,0.68000%
240,11 January-2017,0.69000%
241,10 January-2017,0.70000%
242,9 January-2017,0.71000%
243,6 January-2017,0.69000%
244,5 January-2017,0.71000%
245,4 January-2017,0.71000%
246,3 January-2017,0.71000%
0,4 May-2018,1.20000%
1,3 May-2018,1.22000%
2,2 May-2018,1.24000%
3,30 April-2018,1.28000%
4,27 April-2018,1.28000%
5,26 April-2018,1.25000%
6,25 April-2018,1.25000%
7,24 April-2018,1.10000%
8,23 April-2018,1.00000%
9,20 April-2018,0.95000%
10,19 April-2018,0.95000%
11,18 April-2018,0.91000%
12,17 April-2018,0.90000%
13,16 April-2018,0.85000%
14,13 April-2018,0.81000%
15,12 April-2018,0.73000%
16,11 April-2018,0.80000%
17,10 April-2018,0.72000%
18,9 April-2018,0.90000%
19,6 April-2018,0.90000%
20,4 April-2018,0.82000%
21,3 April-2018,0.95000%
22,29 March-2018,0.99000%
23,28 March-2018,0.94000%
24,27 March-2018,0.90000%
25,26 March-2018,0.85000%
26,23 March-2018,0.85000%
27,22 March-2018,0.81000%
28,21 March-2018,0.80000%
29,20 March-2018,0.80000%
30,19 March-2018,0.78000%
31,16 March-2018,0.76000%
32,15 March-2018,0.74000%
33,14 March-2018,0.73000%
34,13 March-2018,0.73000%
35,12 March-2018,0.72000%
36,9 March-2018,0.70000%
37,8 March-2018,0.60000%
38,7 March-2018,0.60000%
39,6 March-2018,0.65000%
40,5 March-2018,0.65000%
41,2 March-2018,0.70000%
42,1 March-2018,0.71000%
43,28 February-2018,0.70000%
44,27 February-2018,0.70000%
45,26 February-2018,0.68000%
46,23 February-2018,0.68000%
47,22 February-2018,0.68000%
48,21 February-2018,0.65000%
49,20 February-2018,0.65000%
50,15 February-2018,0.65000%
51,14 February-2018,0.65000%
52,13 February-2018,0.70000%
53,12 February-2018,0.65000%
54,9 February-2018,0.65000%
55,8 February-2018,0.77000%
56,7 February-2018,0.80000%
57,6 February-2018,0.83000%
58,5 February-2018,0.89000%
59,2 February-2018,0.88000%
60,1 February-2018,0.89000%
61,31 January-2018,0.90000%
62,30 January-2018,0.90000%
63,29 January-2018,0.90000%
64,26 January-2018,0.90000%
65,25 January-2018,0.90000%
66,24 January-2018,0.90000%
67,23 January-2018,0.90000%
68,22 January-2018,0.90000%
69,19 January-2018,0.91000%
70,18 January-2018,0.92000%
71,17 January-2018,0.92000%
72,16 January-2018,0.92000%
73,15 January-2018,0.92000%
74,12 January-2018,0.93000%
75,11 January-2018,0.93000%
76,10 January-2018,0.93000%
77,9 January-2018,0.93000%
78,8 January-2018,0.95000%
79,5 January-2018,1.00000%
80,4 January-2018,1.07000%
81,3 January-2018,1.15000%
82,2 January-2018,1.16000%
